[ NOTICE ] Server started on http://127.0.0.1:8080
[ INFO ] GET /validate [request-id: 5757E561-1F37-454D-B86F-9BA314B0DA6D]
[ INFO ] GET /auth/getToken [request-id: 0DA532C6-D1A6-422C-88ED-5AC605A13EAE]
[ INFO ] GET /validate [request-id: 4DD412F3-4C8D-4D1F-94D8-5BEF07412F31]
[ INFO ] GET /validate [request-id: 5AA1AA1F-5AD9-4DAD-ADED-99BEDBB9E2C4]
[ INFO ] GET /validate [request-id: 8956CC37-0ACB-415F-9912-AC0F79B96504]
[ INFO ] GET /auth/getToken [request-id: 4477BFA6-5412-461D-8797-1547181CC778]
[ INFO ] GET /auth/getToken [request-id: FB448CD1-737D-48B8-B963-3497650B41AE]
[ INFO ] POST /internal/attendance-analysis/clustering/rebuild [request-id: 9BF52D88-9FC6-4783-87ED-9CEEB90755A0]
[ INFO ] POST /internal/attendance-analysis/clustering/run [request-id: 379C5152-9776-45EF-82CF-38B554F80751]
[ INFO ] POST /internal/attendance-analysis/clustering/run [request-id: A985C217-A31A-47D8-9CA6-9296DE59385C]
[ INFO ] POST /internal/attendance-analysis/clustering/run [request-id: E84C56EA-70E5-44EE-8C86-C741E5782C96]
[ INFO ] POST /internal/attendance-analysis/clustering/run [request-id: A725A9CF-9134-438F-9892-CEA239003E40]
[ INFO ] POST /internal/attendance-analysis/clustering/run [request-id: 202B432A-6813-4B15-9756-A41BA44D16FB]
[ INFO ] POST /internal/attendance-analysis/clustering/run [request-id: 0923FFEC-3613-4DEB-BF6C-CE0DBB037F10]
[ INFO ] POST /internal/attendance-analysis/clustering/run [request-id: 769922C3-2C7C-452D-A1F8-D6AF2C27D283]
[ INFO ] POST /internal/attendance-analysis/clustering/run [request-id: D16F7CB7-6E07-4678-976C-23342528E81A]
[ INFO ] POST /internal/attendance-analysis/clustering/run [request-id: 04F6E5E1-4620-412B-B32E-CF43EC750367]
[ INFO ] POST /internal/attendance-analysis/clustering/run [request-id: 9E8D9998-18A4-4A79-BD84-A6AD3F5F4D23]
[ INFO ] POST /internal/attendance-analysis/clustering/run [request-id: F1B3E9B6-9230-45F9-869F-7B6790B95664]
[ INFO ] POST /internal/attendance-analysis/clustering/run [request-id: 9188006A-CEE7-45B7-A249-74906359847F]
[ INFO ] POST /internal/attendance-analysis/clustering/run [request-id: 7A544BCC-B723-4DFB-8CAE-D80C34927DF7]
[ INFO ] POST /internal/attendance-analysis/clustering/run [request-id: 39950B70-8063-4F95-9C56-CD3982DD23D5]
[ INFO ] POST /internal/attendance-analysis/clustering/run [request-id: 69604CBB-5AE3-481D-9AB7-607A96D1CF09]
[ INFO ] POST /internal/attendance-analysis/clustering/run [request-id: 912691C9-CBE4-4747-9200-0F2175A84A01]
[ INFO ] POST /internal/attendance-analysis/clustering/run [request-id: 9564E4C3-85AC-41D5-9EA4-D4C47B65D1CD]
[ INFO ] POST /internal/attendance-analysis/clustering/run [request-id: D552E250-9FA1-4AEB-9061-821AF4A37CE0]
[ INFO ] POST /internal/attendance-analysis/clustering/run [request-id: B3261FF2-19FA-4DE9-832B-E8A72B564956]
[ INFO ] POST /internal/attendance-analysis/clustering/run [request-id: A779C95B-D936-4883-9486-978D0B689FF8]
[ INFO ] POST /internal/attendance-analysis/clustering/run [request-id: 44ADF375-D98E-4011-ACBC-4063FC61310F]
[ INFO ] POST /internal/attendance-analysis/clustering/run [request-id: C58D948F-7190-43A4-A02C-98E3842F2107]
[ INFO ] POST /internal/attendance-analysis/clustering/run [request-id: 0CF17938-1849-4812-860D-F1EFFA66FD39]
[ INFO ] POST /internal/attendance-analysis/clustering/run [request-id: AE5F55DD-741B-489B-BE2C-B84BECD5CB53]
[ INFO ] POST /internal/attendance-analysis/clustering/run [request-id: 8024ED4A-3664-426B-AEBD-98117743EDFF]
[ INFO ] POST /internal/attendance-analysis/clustering/run [request-id: A2C35815-065F-431A-83C2-6A574F52B0F7]
[ INFO ] POST /internal/attendance-analysis/clustering/run [request-id: 4ECCEA5A-A19C-4D7F-A7D9-90DBC478D56D]
[ INFO ] POST /internal/attendance-analysis/clustering/run [request-id: BC9620E5-E2F4-4A4D-BB2A-A891EFDB2459]
[ INFO ] POST /internal/attendance-analysis/clustering/run [request-id: 76820B5D-0A6E-4299-8AC0-E4A6994295E4]
[ INFO ] POST /internal/attendance-analysis/clustering/run [request-id: C15E976B-9101-418A-9A0E-6ABB3B40B9C2]
[ INFO ] POST /internal/attendance-analysis/clustering/run [request-id: AF31848C-3A1A-4D13-9AFF-5F1FA805A7CC]
[ INFO ] POST /internal/attendance-analysis/clustering/run [request-id: FE80BB37-F0C0-4EB8-B075-400909D19090]
[ INFO ] POST /internal/attendance-analysis/clustering/run [request-id: 79BE92E2-83F0-484D-8ED6-386D8F17CEA6]
[ INFO ] POST /internal/attendance-analysis/clustering/run [request-id: BF2674E5-EB62-4A62-AD54-31AED0EE3D8A]
[ INFO ] POST /internal/attendance-analysis/clustering/run [request-id: 5AC5F26D-A710-4A9D-8EBE-DC1DFA025A34]
[ INFO ] POST /internal/attendance-analysis/clustering/run [request-id: 8BAB8D14-52D9-44A5-8029-DFA10FD98A75]
[ INFO ] POST /internal/attendance-analysis/clustering/run [request-id: BB898D72-A002-4608-A54A-9E2DFF93489E]
[ INFO ] POST /internal/attendance-analysis/clustering/run [request-id: 20447FC0-9706-4CD2-AE59-E90B40822CEA]
[ INFO ] POST /internal/attendance-analysis/clustering/run [request-id: 0CDD8419-7CF1-42CA-B8D3-827FD9863579]
[ INFO ] POST /internal/attendance-analysis/clustering/run [request-id: F8BD36D2-BA0C-404E-A94F-9B1441C83142]
[ INFO ] POST /internal/attendance-analysis/clustering/run [request-id: 5C3F49AA-2B9F-4691-A4FB-257E95E065BA]
[ INFO ] POST /internal/attendance-analysis/clustering/run [request-id: FDFA633E-3367-447F-9655-33E17A4C73E5]
[ INFO ] POST /internal/attendance-analysis/clustering/run [request-id: 72B7368C-4095-4F91-BBB2-6D884BF9A281]
[ INFO ] POST /internal/attendance-analysis/clustering/run [request-id: 49885649-8313-45DC-B4BF-DA6A7513FA37]
[ INFO ] POST /internal/attendance-analysis/clustering/run [request-id: 4455FE58-5E46-406C-9640-E97D0D64EA02]
[ INFO ] POST /internal/attendance-analysis/clustering/run [request-id: 2C684B1F-C4F3-41F6-9533-93A9C07D1838]
[ INFO ] POST /internal/attendance-analysis/clustering/run [request-id: FD50EDD8-70B0-4423-AB90-E0CFB0CF272E]
[ INFO ] POST /internal/attendance-analysis/clustering/run [request-id: EB8DCFF4-92B6-4EF7-89DC-8C81433E4B9F]
[ INFO ] POST /internal/attendance-analysis/clustering/run [request-id: 7B099D96-AAF9-4B61-AA02-849DD7E5ED16]
[ INFO ] POST /internal/attendance-analysis/clustering/run [request-id: B8A6FADA-D5C1-4D32-8804-F23EEF43C57F]
[ INFO ] POST /internal/attendance-analysis/clustering/run [request-id: 2EE7ACBD-35F6-4937-8153-9BE465D0CE0D]
[ INFO ] POST /internal/attendance-analysis/clustering/run [request-id: 5ACEA0A0-F94F-4C6B-91FF-93B64341935E]
[ INFO ] POST /internal/attendance-analysis/clustering/run [request-id: 288948E1-C25A-4578-A31F-A8EFEF01DF26]
[ INFO ] POST /internal/attendance-analysis/clustering/run [request-id: 1318C6F6-4E94-4BD9-B335-6D20FBEBC491]
[ INFO ] POST /internal/attendance-analysis/clustering/run [request-id: E37E7857-C2A5-43FB-A9EE-3247AB59C88C]
[ INFO ] POST /internal/attendance-analysis/clustering/run [request-id: 0C22F14D-91CD-4DEF-9078-DA573FED2207]
[ INFO ] POST /internal/attendance-analysis/clustering/run [request-id: 599664C6-E975-412F-8BFF-322AAAB7A013]
[ INFO ] POST /internal/attendance-analysis/clustering/run [request-id: AEE4BED2-12F5-4AB2-A074-4E101DF0698C]
[ INFO ] POST /internal/attendance-analysis/clustering/run [request-id: A995D944-166E-4CF0-AFB7-A480C7BF496E]
[ INFO ] POST /internal/attendance-analysis/clustering/run [request-id: 247443D6-3D4F-4FB1-B097-09B0940687BC]
[ INFO ] POST /internal/attendance-analysis/clustering/run [request-id: AB68A379-543E-4136-91D2-E07AA0B388AE]
[ INFO ] POST /internal/attendance-analysis/clustering/run [request-id: EF6D2EDA-14BA-4507-BE86-7E83C3214DD6]
[ INFO ] POST /internal/attendance-analysis/clustering/run [request-id: B658C81C-BA43-4CAA-ABCC-3517BBF9BA02]
[ INFO ] POST /internal/attendance-analysis/clustering/run [request-id: D3AA2724-D540-4717-8BE4-5D67A6ED3107]
[ INFO ] POST /internal/attendance-analysis/clustering/run [request-id: FB28AE39-9533-444F-92B0-31C6B1EC95D4]
[ INFO ] POST /internal/attendance-analysis/clustering/run [request-id: AF63B977-C046-4D8B-99A9-B16F8C98D0BF]
[ INFO ] POST /internal/attendance-analysis/clustering/run [request-id: 3F0F031C-DB4D-4377-AA3E-6B20D44FBA95]
[ INFO ] POST /internal/attendance-analysis/clustering/run [request-id: A6564890-DE6C-4B08-99CD-39BC34502636]
[ INFO ] GET /auth/getToken [request-id: BB7C1FEA-A29B-4F1D-BA4F-CA33F8CB8168]
[ INFO ] POST /internal/attendance-analysis/mlp/run [request-id: 9938753A-8D02-4AD3-BE96-A0D30F7A8E6C]
[ INFO ] POST /internal/attendance-analysis/clustering/run [request-id: A5B2C15F-56A0-44F0-AE8F-3726C753B8D5]
[ INFO ] POST /internal/attendance-analysis/mlp/run [request-id: 7ADD8844-441F-4C00-A329-FF8F22606663]
[ INFO ] POST /internal/attendance-analysis/clustering/run [request-id: F44DEC4B-F82E-4A3F-B104-F15102D5C1F5]
[ INFO ] POST /internal/attendance-analysis/mlp/run [request-id: B7392592-F903-45C0-B3A2-BEAEEDD6CE82]
[ INFO ] POST /internal/attendance-analysis/clustering/run [request-id: AEE33708-E43E-470C-8236-ED02BD704B81]
[ INFO ] POST /internal/attendance-analysis/mlp/run [request-id: AF009A15-AA30-406E-8D67-6C4AE24F61EB]
[ INFO ] POST /internal/attendance-analysis/clustering/run [request-id: D7BBA957-058F-489B-8D92-64F80A3EFB3B]
[ INFO ] POST /internal/attendance-analysis/mlp/run [request-id: 896DC358-2074-4C32-A219-6D9DD0D06E75]
[ INFO ] POST /internal/attendance-analysis/clustering/run [request-id: 69742E26-D863-4594-9435-2E4B80B727A3]
[ INFO ] POST /internal/attendance-analysis/mlp/run [request-id: 22FED70F-8B65-465E-B653-BC4475CFC8A6]
[ INFO ] POST /internal/attendance-analysis/clustering/run [request-id: 2664ACF5-8D33-4811-B7AC-3F3BB017492B]
[ INFO ] POST /internal/attendance-analysis/mlp/run [request-id: AF7E594C-EC70-48FD-9F7C-5E09057DFF28]
[ INFO ] POST /internal/attendance-analysis/clustering/run [request-id: 5CA46D7C-8038-4435-9543-1DCDC485CC1F]
[ INFO ] POST /internal/attendance-analysis/mlp/run [request-id: F4E85F97-083F-4720-BD0F-819663BC42C6]
[ INFO ] POST /internal/attendance-analysis/clustering/run [request-id: CADF0910-FFFA-4A73-BC00-0E2CCABFCC26]
[ INFO ] POST /internal/attendance-analysis/mlp/run [request-id: 028FE845-3D2F-4BAB-B2C6-8208B7FD47FE]
[ INFO ] POST /internal/attendance-analysis/clustering/run [request-id: AEC05E57-63EB-41B2-9622-B6BA362351E0]
[ INFO ] POST /internal/attendance-analysis/mlp/run [request-id: D0DE581C-1B24-4345-BAFA-C07CE7F39FDF]
[ INFO ] POST /internal/attendance-analysis/clustering/run [request-id: 2A446012-93A5-46F8-915F-807852EB9FC8]
[ INFO ] POST /internal/attendance-analysis/mlp/run [request-id: F0029A44-9504-4A69-9F91-6B37FE9F5827]
[ INFO ] POST /internal/attendance-analysis/clustering/run [request-id: 8B601A55-EFB8-4E8A-9797-2F7E58A54771]
[ INFO ] POST /internal/attendance-analysis/mlp/run [request-id: 0F9B136A-1854-493C-9442-D270F4EC67E7]
[ INFO ] POST /internal/attendance-analysis/clustering/run [request-id: A3D02EB4-EF35-494A-8F5A-63A6F673CA77]
[ INFO ] POST /internal/attendance-analysis/mlp/run [request-id: EB7F262F-CBBE-4F63-953D-B5111C20247C]
[ INFO ] POST /internal/attendance-analysis/clustering/run [request-id: CA3C5980-A4BF-4B39-AA7C-D12FF628AFCA]
[ INFO ] POST /internal/attendance-analysis/mlp/run [request-id: 2DD5DC25-8761-4B4B-A828-E8028FBF5FDB]
[ INFO ] POST /internal/attendance-analysis/clustering/run [request-id: D066854B-BA9E-4FD7-AE18-405A82F98ABA]
[ INFO ] POST /internal/attendance-analysis/mlp/run [request-id: 7CADE94E-8F0D-4B9C-88B8-CDF5D2371F7E]
[ INFO ] POST /internal/attendance-analysis/clustering/run [request-id: 9D05879E-A802-47F9-BAED-C38A6A002FF0]
[ INFO ] POST /internal/attendance-analysis/mlp/run [request-id: B128DD10-7CD7-4D07-B928-93B32A6DE58A]
[ INFO ] POST /internal/attendance-analysis/clustering/run [request-id: C3B7A1EC-A550-4960-8016-362AC3FABCB5]
[ INFO ] POST /internal/attendance-analysis/mlp/run [request-id: 47FDDFE7-6A4F-4092-9F2D-9BB1FA7C569D]
[ INFO ] POST /internal/attendance-analysis/clustering/run [request-id: 246A129F-B8D1-4200-A8CC-E25C27068C8D]
[ INFO ] POST /internal/attendance-analysis/mlp/run [request-id: 5E5170D6-AB65-4909-8D93-C6CDEA40D2FD]
[ INFO ] POST /internal/attendance-analysis/clustering/run [request-id: FACF8A40-94BE-4064-8A57-FCD26A75040A]
[ INFO ] POST /internal/attendance-analysis/mlp/run [request-id: 505D2D5A-78C6-413D-9806-3A7A78157A1A]
[ INFO ] POST /internal/attendance-analysis/clustering/run [request-id: 82181FE6-CDDF-4882-8E2C-4D3DE206EB04]
[ INFO ] POST /internal/attendance-analysis/mlp/run [request-id: 6D6E2AB1-6AC0-4DB5-9C95-E65181CA3EF9]
[ INFO ] POST /internal/attendance-analysis/clustering/run [request-id: CEC0D164-A013-4EF1-A2D8-4AE364BBA7CD]
[ INFO ] POST /internal/attendance-analysis/mlp/run [request-id: 53B9EAE6-F1AE-43A9-9DB7-0D9060D91C66]
[ INFO ] POST /internal/attendance-analysis/clustering/run [request-id: 757F3AA3-A683-416C-A211-452D294993B0]
[ INFO ] POST /internal/attendance-analysis/clustering/run [request-id: 2D64E81B-DE85-4C43-8286-3913014B7298]
[ INFO ] POST /internal/attendance-analysis/mlp/run [request-id: 1C0C2FF2-1CBB-422C-BAFD-604B2F253805]
[ INFO ] POST /internal/attendance-analysis/clustering/run [request-id: 26F524C0-2DC6-4E5A-A5A2-263D3CB32F63]
[ INFO ] POST /internal/attendance-analysis/mlp/run [request-id: 6324F15B-576D-4992-A9A8-6563EEDFA89D]
[ INFO ] POST /internal/attendance-analysis/clustering/run [request-id: A5945A93-9B65-4559-A388-699AC0BAC868]
[ INFO ] POST /internal/attendance-analysis/mlp/run [request-id: 11980505-27A9-47D3-AC9C-BA1DBFE068B1]
[ INFO ] POST /internal/attendance-analysis/clustering/run [request-id: 5AE709B0-98D1-4166-91E7-A2EFDEAF135C]
[ INFO ] POST /internal/attendance-analysis/mlp/run [request-id: 6C220F71-27D6-407D-85C3-5208FAACDC56]
[ INFO ] POST /internal/attendance-analysis/clustering/run [request-id: C8A7467A-4CBB-43D0-948D-0A6C1D5DBEDC]
[ INFO ] POST /internal/attendance-analysis/mlp/run [request-id: 61F00A5B-DB1A-4F17-8D75-C481FEE129F4]
[ INFO ] POST /internal/attendance-analysis/clustering/run [request-id: A58C9004-9359-45D9-BBB8-4BB587575EBF]
[ INFO ] POST /internal/attendance-analysis/mlp/run [request-id: 909E07E8-EA31-4836-84A4-505905F0B444]
[ INFO ] POST /internal/attendance-analysis/clustering/run [request-id: 905E6E5C-3DB7-4BEE-883B-92480F998A92]
[ INFO ] POST /internal/attendance-analysis/mlp/run [request-id: 69C101BC-3395-4C39-BEB2-E73D0F49E998]
[ INFO ] POST /internal/attendance-analysis/clustering/run [request-id: A3577E6A-AB88-4851-91FD-2BD0047565F0]
[ INFO ] POST /internal/attendance-analysis/mlp/run [request-id: 7B6979E4-E91D-48AD-88A4-A96D57E9A274]
[ INFO ] POST /internal/attendance-analysis/clustering/run [request-id: 35DD355E-6884-40CE-81EC-0222B7482FA9]
[ INFO ] POST /internal/attendance-analysis/mlp/run [request-id: 7A99D091-F0F8-44F1-929C-35F50987778B]
[ INFO ] POST /internal/attendance-analysis/clustering/run [request-id: 1C10C10B-ADFE-4BBD-8DD6-0E546A7C8E20]
[ INFO ] POST /internal/attendance-analysis/mlp/run [request-id: D7BA6BBC-E453-4D4F-92AD-6B2828BA0A0D]
[ INFO ] POST /internal/attendance-analysis/clustering/run [request-id: F81495CC-5F19-44C4-9685-8CF1FFD1BF08]
[ INFO ] POST /internal/attendance-analysis/mlp/run [request-id: 29745324-1B4C-49F6-B0EA-36D1F94BA128]
[ INFO ] POST /internal/attendance-analysis/clustering/run [request-id: 1474FAA5-5DE6-4A8F-A900-3A38CB92F3AC]
[ INFO ] POST /internal/attendance-analysis/mlp/run [request-id: 29CBC7B3-2B88-4F98-87E9-12713169C3A1]
[ INFO ] POST /internal/attendance-analysis/clustering/run [request-id: FBB470D5-DE8A-4FE4-BA9B-70EAE9E54A1D]
[ INFO ] POST /internal/attendance-analysis/mlp/run [request-id: 3446A5CF-141D-43FE-B544-194C8328EBF2]
[ INFO ] POST /internal/attendance-analysis/clustering/run [request-id: 0200CEB3-8AD1-47DA-ADEB-41E0D21845CE]
[ INFO ] POST /internal/attendance-analysis/mlp/run [request-id: 5FA198FB-5E12-4F4A-B9BF-FFCCC79004E6]
[ INFO ] POST /internal/attendance-analysis/clustering/run [request-id: C2787B3D-02BD-4806-9117-FED189E51E7F]
[ INFO ] POST /internal/attendance-analysis/mlp/run [request-id: 1D057C3B-A586-46E3-A604-E757E37517B7]
[ INFO ] POST /internal/attendance-analysis/clustering/run [request-id: DBB01249-0E10-45A2-90D3-9CDABBEB9F77]
[ INFO ] POST /internal/attendance-analysis/mlp/run [request-id: 64D23550-0C04-4BC1-B6C0-649AEE27CA8C]
[ INFO ] POST /internal/attendance-analysis/clustering/run [request-id: 99BBE414-2C43-4833-8F59-2E25E4BD87D4]
[ INFO ] POST /internal/attendance-analysis/mlp/run [request-id: 777C8AC3-FCE8-4D75-800E-C2F86AC9D35A]
[ INFO ] POST /internal/attendance-analysis/clustering/run [request-id: 218DC1EF-6945-4524-AF9F-12549E5F9121]
[ INFO ] POST /internal/attendance-analysis/mlp/run [request-id: AE4F13B2-9042-4C48-B32A-CFF7F51628D1]
[ INFO ] POST /internal/attendance-analysis/clustering/run [request-id: 5DA5AF00-9685-4E8A-BE98-6649763A5741]
[ INFO ] POST /internal/attendance-analysis/mlp/run [request-id: B9DED191-81D3-4923-92E5-FF4F015D52C5]
[ INFO ] POST /internal/attendance-analysis/clustering/run [request-id: EB4FCD2D-88ED-499F-8BB6-A535885E5DF7]
[ INFO ] POST /internal/attendance-analysis/mlp/run [request-id: 3CF257AC-8149-4E93-BBA6-6C5BABBE4228]
[ INFO ] POST /internal/attendance-analysis/clustering/run [request-id: E046254A-66D1-4333-8D6F-CFC50282D09F]
[ INFO ] POST /internal/attendance-analysis/mlp/run [request-id: 783D0A2D-057E-4EEA-BD90-3875715029A4]
[ INFO ] POST /internal/attendance-analysis/clustering/run [request-id: F763C8ED-F4A8-4370-8F7A-9BED27299409]
[ INFO ] POST /internal/attendance-analysis/mlp/run [request-id: 047FBF64-268E-45D3-917E-BF910B54CD08]
[ INFO ] POST /internal/attendance-analysis/clustering/run [request-id: C2A90FAC-340A-4A2D-BEC6-482CA633ABFE]
[ INFO ] POST /internal/attendance-analysis/clustering/run [request-id: 431AAB3C-BC78-43CD-BAFA-C5990EA6A853]
[ INFO ] POST /internal/attendance-analysis/mlp/run [request-id: 015B3253-A919-4E4E-A770-3F644CF4E8B4]
[ INFO ] GET /auth/getToken [request-id: E1C16AB0-27F9-47B5-84E1-E6895D3D8FFA]
[ INFO ] POST /internal/attendance-analysis/clustering/run [request-id: 97CD5B6B-3511-4E10-A944-53AA49AF669D]
[ INFO ] POST /internal/attendance-analysis/mlp/run [request-id: D052D283-7928-49C3-9373-8431D74F472A]
[ INFO ] POST /internal/attendance-analysis/clustering/run [request-id: B9B84F03-3BB8-4213-BD65-8DB5F47908CF]
[ INFO ] POST /internal/attendance-analysis/mlp/run [request-id: 634F346A-0C16-485A-94F3-7AAE27C4F9F6]
[ INFO ] POST /internal/attendance-analysis/clustering/run [request-id: 2DBCB6C8-A8D2-4023-995E-F6CED777D2B6]
[ INFO ] POST /internal/attendance-analysis/mlp/run [request-id: 103C53A3-4E8A-4F12-91E6-20C167B92813]
[ INFO ] POST /internal/attendance-analysis/clustering/run [request-id: 0207CA66-A4D8-4BB9-9BF8-E2F9786E7A86]
[ INFO ] POST /internal/attendance-analysis/mlp/run [request-id: 77F1DD73-6171-4D83-9B2B-D588ABEAC775]
[ INFO ] POST /internal/attendance-analysis/clustering/run [request-id: 9CF20112-33A4-4462-BF5B-72C288F95328]
[ INFO ] POST /internal/attendance-analysis/mlp/run [request-id: 9D35F2C3-C05F-4B3F-942E-6A324E236019]
[ INFO ] POST /internal/attendance-analysis/clustering/run [request-id: CE30C1BA-CFC9-45CA-AE48-931BE3371CC5]
[ INFO ] POST /internal/attendance-analysis/mlp/run [request-id: 6D2ED27B-8494-4685-A713-2D082612AD3E]
[ INFO ] POST /internal/attendance-analysis/clustering/run [request-id: DB6EACBB-0CAA-41F2-B92C-5A98EB614188]
[ INFO ] POST /internal/attendance-analysis/mlp/run [request-id: 40EBE134-E90A-46EF-A9EC-027A52F6B50F]
[ INFO ] POST /internal/attendance-analysis/clustering/run [request-id: 19447796-6D24-4A0B-BE8D-0215803BA3A3]
[ INFO ] POST /internal/attendance-analysis/mlp/run [request-id: A643F120-D826-4C19-8C5A-469C71D32701]
[ INFO ] POST /internal/attendance-analysis/clustering/run [request-id: A6089949-A31D-458E-9B73-1D4ABEBA83C3]
[ INFO ] POST /internal/attendance-analysis/mlp/run [request-id: 2E393606-0821-404F-AC13-280671049ED1]
[ INFO ] GET /validate [request-id: F7B61D4F-04FF-40F8-A9BE-ABAE9B93076A]
[ INFO ] POST /internal/attendance-analysis/clustering/run [request-id: DB108491-6E31-4877-A384-37943407F7A1]
[ INFO ] POST /internal/attendance-analysis/mlp/run [request-id: E1BE92DD-D5CC-4B8D-8AC6-90833BD65F3A]
[ INFO ] POST /internal/attendance-analysis/clustering/run [request-id: EFDE79E8-5454-4C0A-91BC-FDDFA7AB91D3]
[ INFO ] POST /internal/attendance-analysis/mlp/run [request-id: 9F8D4D53-C21C-4B5B-A829-7AB9F4FF246A]
[ INFO ] POST /internal/attendance-analysis/clustering/run [request-id: 3496405A-410A-48AD-A30A-4C8787D2C561]
[ INFO ] POST /internal/attendance-analysis/mlp/run [request-id: EFF93CEF-4026-4DB0-8357-A7A1B40C4FD6]
[ INFO ] POST /internal/attendance-analysis/clustering/run [request-id: 1D4DC6B8-0552-4325-B5E7-611FF70D3A6A]
[ INFO ] POST /internal/attendance-analysis/mlp/run [request-id: 450E367C-02D8-4DCF-9F42-59B762F62126]
[ INFO ] POST /internal/attendance-analysis/clustering/run [request-id: 5EB6C15D-F10C-48DA-9F3A-BE5FA57DAA1F]
[ INFO ] POST /internal/attendance-analysis/mlp/run [request-id: 43C5D511-FCDD-4999-A2B7-7E5310716272]
[ INFO ] POST /internal/attendance-analysis/clustering/run [request-id: BC7EAB7A-20B5-4542-B1C2-E3CDC8FEE31E]
[ INFO ] POST /internal/attendance-analysis/mlp/run [request-id: CE16816A-DDF3-458B-AAB4-5234C5E3CF59]
[ INFO ] POST /internal/attendance-analysis/clustering/run [request-id: 7451405E-A76E-4BB8-B2B0-440FFC71F57B]
[ INFO ] POST /internal/attendance-analysis/mlp/run [request-id: A13FF186-D9A7-4402-91B4-0AD5708A218C]
[ INFO ] POST /internal/attendance-analysis/clustering/run [request-id: FBFB2180-616D-47C8-88A8-025CF97F3B83]
[ INFO ] POST /internal/attendance-analysis/mlp/run [request-id: 363440BB-463E-4E0D-9A5F-2E8A18BF02AB]
[ INFO ] POST /internal/attendance-analysis/clustering/run [request-id: 072A0AE1-6FE8-48BB-8301-58CBFC5A61C8]
[ INFO ] POST /internal/attendance-analysis/clustering/run [request-id: 5BECB8B0-C8A1-472A-8A51-D5D0A857A7CC]
[ INFO ] POST /internal/attendance-analysis/mlp/run [request-id: 3AF99DBE-AA0E-4491-8BA8-ED8B57B9629B]
[ INFO ] POST /internal/attendance-analysis/clustering/run [request-id: BDF0477C-0E2A-4C99-832C-451E4DBABF9E]
[ INFO ] POST /internal/attendance-analysis/mlp/run [request-id: F3C3FD66-BEAC-4A40-99FE-F47BB189D113]
[ INFO ] POST /internal/attendance-analysis/clustering/run [request-id: 68FEFB50-41EB-409C-B909-F8676C18BD45]
[ INFO ] POST /internal/attendance-analysis/mlp/run [request-id: 034C3513-65A6-478D-AC1A-4288C5C508D8]
[ INFO ] POST /internal/attendance-analysis/clustering/run [request-id: 8B19724B-7971-49E4-BA04-2490A05C6AE3]
[ INFO ] POST /internal/attendance-analysis/mlp/run [request-id: FCE2867A-23EE-4F91-A4FF-DEF3A263DF52]
[ INFO ] POST /internal/attendance-analysis/clustering/run [request-id: 186EFD3C-0A7D-4946-A835-FA62E6487ABE]
[ INFO ] POST /internal/attendance-analysis/mlp/run [request-id: 41FD7981-4A2E-4CC1-9D39-96230316F1FC]
[ INFO ] POST /internal/attendance-analysis/clustering/run [request-id: 473FE0B8-58F6-486B-9CCF-B021BBA869A6]
[ INFO ] POST /internal/attendance-analysis/mlp/run [request-id: 2DCBC848-D5EB-454E-9DA3-00568E2B8662]
[ INFO ] POST /internal/attendance-analysis/clustering/run [request-id: 1777E2A3-5C4D-46D3-87A7-D33DC6D0F69C]
[ INFO ] POST /internal/attendance-analysis/mlp/run [request-id: B744F8AA-88B0-478C-996F-6198C9B3AC57]
[ INFO ] POST /internal/attendance-analysis/clustering/run [request-id: 3549C704-8AF8-42A1-A907-E6877ED47FCE]
[ INFO ] POST /internal/attendance-analysis/mlp/run [request-id: D1DC9E49-C1D1-4ECC-8AEA-C3D9898E3A7E]
[ INFO ] POST /internal/attendance-analysis/clustering/run [request-id: 8178FF0D-4239-4670-8582-74DC53A24DCF]
[ INFO ] POST /internal/attendance-analysis/mlp/run [request-id: BF8FD81D-FE77-42DF-A177-2387CB5D49A2]
[ INFO ] POST /internal/attendance-analysis/clustering/run [request-id: DBE671F0-EA17-4344-8BB8-176134E51973]
[ INFO ] POST /internal/attendance-analysis/mlp/run [request-id: 1E37FC92-73AB-400C-9FF4-97DE9BB539D1]
[ INFO ] POST /internal/attendance-analysis/clustering/run [request-id: 2160E027-DFF3-4CC4-A925-D60CCC5A4EAA]
[ INFO ] POST /internal/attendance-analysis/mlp/run [request-id: 6E0F17D1-F88C-4D18-9583-8C8ACBF916A4]
[ INFO ] POST /internal/attendance-analysis/clustering/run [request-id: AF2BD8C6-8E29-4D8F-8AA0-B19325A18CB7]
[ INFO ] POST /internal/attendance-analysis/mlp/run [request-id: 6AE5AB3F-D15F-49DD-9426-069B823675BB]
[ INFO ] POST /internal/attendance-analysis/clustering/run [request-id: E589870C-A626-42EF-B782-893425E3CDE4]
[ INFO ] POST /internal/attendance-analysis/mlp/run [request-id: 6F97330A-5AD9-4222-940B-E51CA86C6645]
[ INFO ] POST /internal/attendance-analysis/clustering/run [request-id: 040D299D-5BD8-4D3F-B520-7FBECF8D860D]
[ INFO ] POST /internal/attendance-analysis/mlp/run [request-id: 710C8350-4DF9-4D4B-A81D-8FA660197516]
[ INFO ] POST /internal/attendance-analysis/clustering/run [request-id: FB94C622-6317-44D7-A004-2F2B90DD56E1]
[ INFO ] POST /internal/attendance-analysis/mlp/run [request-id: 89FE9726-CB0C-4B78-8B44-5A02BB28C3E6]
[ INFO ] POST /internal/attendance-analysis/clustering/run [request-id: 39A607FF-0A69-4122-BE16-57C4B8E0F2DD]
[ INFO ] POST /internal/attendance-analysis/mlp/run [request-id: 309D1EAE-1F86-4E3C-B79A-318A1D42C5F5]
[ INFO ] POST /internal/attendance-analysis/clustering/run [request-id: 8842355D-57B7-4366-A841-8636AF6D245D]
[ INFO ] POST /internal/attendance-analysis/mlp/run [request-id: 0E182EE2-AF89-44C5-B928-361A4589DD91]
[ INFO ] POST /internal/attendance-analysis/clustering/run [request-id: 2DFA83AA-ABF1-4924-A33D-2BACFE33DF31]
[ INFO ] POST /internal/attendance-analysis/mlp/run [request-id: CD82176F-72C4-4287-AECE-3B4EEB1F1BFB]
[ INFO ] POST /internal/attendance-analysis/clustering/run [request-id: 316AC6BF-5E26-4C6F-A2CB-6DA2E9569E9A]
[ INFO ] POST /internal/attendance-analysis/mlp/run [request-id: 1E10D800-3F12-4275-BD01-3556D0B792C1]
[ INFO ] POST /internal/attendance-analysis/clustering/run [request-id: 285F32AB-36CA-4887-9CCE-808A660B6098]
[ INFO ] POST /internal/attendance-analysis/clustering/run [request-id: 6B058DA1-E37F-4373-9800-555B9CCD2C63]
[ INFO ] POST /internal/attendance-analysis/mlp/run [request-id: 4BA8F43A-8384-4C6D-8B35-277EF4D0F8E7]
[ INFO ] POST /internal/attendance-analysis/clustering/run [request-id: 2778237F-3519-409B-A737-BA0AB9D4997D]
[ INFO ] POST /internal/attendance-analysis/mlp/run [request-id: 5471C41F-8703-4B9B-BBB5-02BB7833E4C4]
[ INFO ] POST /internal/attendance-analysis/clustering/run [request-id: 1ED1620F-DE2B-409C-BEFE-AB04C8470F0F]
[ INFO ] POST /internal/attendance-analysis/mlp/run [request-id: 877CE763-3B3E-45C9-BE59-D81141FF8783]
[ INFO ] POST /internal/attendance-analysis/clustering/run [request-id: A7E21E40-D6FD-49C1-8726-FE0CA86EB497]
[ INFO ] POST /internal/attendance-analysis/mlp/run [request-id: 68C1E93C-91E6-4631-B8AB-9E1C650E4F0B]
[ INFO ] POST /internal/attendance-analysis/clustering/run [request-id: B491A067-51B4-4A2D-8174-0D8DD6DC991D]
[ INFO ] POST /internal/attendance-analysis/mlp/run [request-id: 825B5B9F-2C15-40D1-BBFD-41537DF78EBA]
[ INFO ] POST /internal/attendance-analysis/clustering/run [request-id: 3DE59CE3-ED83-4B80-8D14-7F34C02922DF]
[ INFO ] POST /internal/attendance-analysis/mlp/run [request-id: 27F369AA-D2A6-4143-9894-3CDAC7F6C635]
[ INFO ] POST /internal/attendance-analysis/clustering/run [request-id: 20E6272F-4B1D-40E3-8CAC-F9B1F73A26A3]
[ INFO ] POST /internal/attendance-analysis/mlp/run [request-id: 4D354726-7487-4D64-BDEE-C5E079E028A4]
[ INFO ] POST /internal/attendance-analysis/clustering/run [request-id: 9D278BDE-B118-457E-8B47-6A14E185C9CD]
[ INFO ] POST /internal/attendance-analysis/mlp/run [request-id: 0ED5DFAB-3D75-4618-87C6-BC5B264353B9]
[ INFO ] POST /internal/attendance-analysis/clustering/run [request-id: 34A8BED3-ED76-4AA4-A095-835565383DF3]
[ INFO ] POST /internal/attendance-analysis/mlp/run [request-id: CA67E6A5-F7C8-4BB7-99A5-F5BE647D94B6]
[ INFO ] POST /internal/attendance-analysis/clustering/run [request-id: E72A2FCB-84EB-4F9A-BE09-2D8D4EAF3F18]
[ INFO ] POST /internal/attendance-analysis/mlp/run [request-id: A1A4475C-DA58-4632-B835-F709F5F40991]
[ INFO ] POST /internal/attendance-analysis/clustering/run [request-id: 107A1EB5-B841-484A-BA11-AE3A7772AD3B]
[ INFO ] POST /internal/attendance-analysis/mlp/run [request-id: 7999F799-5ABB-457A-9CE7-4776522082B3]
[ INFO ] POST /internal/attendance-analysis/clustering/run [request-id: 7BCCCE42-EAD1-4F47-8D48-DC2FDEDE7278]
[ INFO ] POST /internal/attendance-analysis/mlp/run [request-id: 47A99B54-9E42-480D-A636-36C9616D6BC5]
[ INFO ] POST /internal/attendance-analysis/clustering/run [request-id: C6663972-2F04-4796-ACBC-9259EC7A0B73]
[ INFO ] POST /internal/attendance-analysis/mlp/run [request-id: A8321A4F-F521-4C79-B194-4C090465E393]
[ INFO ] POST /internal/attendance-analysis/clustering/run [request-id: 2DC03393-4DA5-4624-A392-846D270B34B9]
[ INFO ] POST /internal/attendance-analysis/mlp/run [request-id: C63E337B-E6B3-41FE-B7F7-DF85AE3F456E]
[ INFO ] POST /internal/attendance-analysis/clustering/run [request-id: B3359636-8D18-4276-96AB-88BA63F93067]
[ INFO ] POST /internal/attendance-analysis/mlp/run [request-id: D01EAEF0-F34D-4D23-BDF2-97BA9B1FA718]
[ INFO ] POST /internal/attendance-analysis/clustering/run [request-id: F223187B-DE04-4441-899F-26E41DBE7F0D]
[ INFO ] POST /internal/attendance-analysis/mlp/run [request-id: B1B589B3-79EB-4F2F-8BC0-C3A2D577B573]
[ INFO ] POST /internal/attendance-analysis/clustering/run [request-id: F3858DF9-7C28-4F9B-9FFF-E29357EC3D77]
[ INFO ] POST /internal/attendance-analysis/mlp/run [request-id: 5F8A8B6A-772C-48D8-9AA0-974370AF003B]
[ INFO ] POST /internal/attendance-analysis/clustering/run [request-id: 89E6E764-8641-4140-91CC-61DA2905A1E7]
[ INFO ] POST /internal/attendance-analysis/mlp/run [request-id: EA0A1BE7-C8C7-4535-9DB2-59434E2F7017]
[ INFO ] POST /internal/attendance-analysis/clustering/run [request-id: 3AF380E8-46FD-4793-8BE7-250A0F2D42FE]
[ INFO ] POST /internal/attendance-analysis/mlp/run [request-id: A9F82637-5554-4C51-A242-B2CC954AEB7A]
[ INFO ] POST /internal/attendance-analysis/clustering/run [request-id: 59A49294-9C91-4032-BC9D-28BE08E920D7]
[ INFO ] POST /internal/attendance-analysis/clustering/run [request-id: 3241E00C-C622-4DAB-B58E-73119E8D8F0C]
[ INFO ] POST /internal/attendance-analysis/mlp/run [request-id: 28D51042-EE06-4C5E-B3E3-01725F42EE28]
[ INFO ] POST /internal/attendance-analysis/clustering/run [request-id: 96E6D6FB-784A-43CE-9821-206330FA67E6]
[ INFO ] POST /internal/attendance-analysis/mlp/run [request-id: 979C1C56-6687-407C-A6D0-F67047E4CBBC]
[ INFO ] POST /internal/attendance-analysis/clustering/run [request-id: 70A6955C-D3C5-40D0-9B7A-CC1292085005]
[ INFO ] POST /internal/attendance-analysis/mlp/run [request-id: 2C238CDB-E8E6-44AE-8913-D7FD72924885]
[ INFO ] POST /internal/attendance-analysis/clustering/run [request-id: F4D78770-8703-4029-875E-2E896800512F]
[ INFO ] POST /internal/attendance-analysis/mlp/run [request-id: 672A1B49-12FC-4A80-894A-0142FD0ADDE6]
[ INFO ] POST /internal/attendance-analysis/clustering/run [request-id: BCC481E5-1C4A-4261-B5BC-DE7AD1A880E4]
[ INFO ] POST /internal/attendance-analysis/mlp/run [request-id: 976679BA-8251-4819-8EA9-A5D1F3C7901C]
[ INFO ] POST /internal/attendance-analysis/clustering/run [request-id: 542C739A-43D2-4E35-B118-87364B51280A]
[ INFO ] POST /internal/attendance-analysis/mlp/run [request-id: 8F6767B3-766F-45A1-8418-82B2A9D9FCF2]
[ INFO ] POST /internal/attendance-analysis/clustering/run [request-id: 48E5A6B1-58B0-475A-A81D-5CC7A9CB3F39]
[ INFO ] POST /internal/attendance-analysis/mlp/run [request-id: 60B2FBE7-83FE-420B-8274-161D57CE0A73]
[ INFO ] POST /internal/attendance-analysis/clustering/run [request-id: C5049E4A-EC08-4873-A16F-DEA5D154A6B0]
[ INFO ] POST /internal/attendance-analysis/mlp/run [request-id: 9752527D-7071-4AA6-92C5-5661AC66DAC5]
[ INFO ] POST /internal/attendance-analysis/clustering/run [request-id: A6119C7C-98CD-47AD-95CD-F9FEB5521011]
[ INFO ] POST /internal/attendance-analysis/mlp/run [request-id: F63DBE65-41D6-4FA4-9B47-8E8C43843C79]
[ INFO ] POST /internal/attendance-analysis/clustering/run [request-id: 6D5B2F16-F63B-45B5-A93B-7F331382B354]
[ INFO ] POST /internal/attendance-analysis/mlp/run [request-id: 55C11C26-2080-40F1-9B92-923BD36EAA68]
[ INFO ] POST /internal/attendance-analysis/clustering/run [request-id: 1E8FDED7-68A3-470E-A73B-B0FCB5B1F219]
[ INFO ] POST /internal/attendance-analysis/mlp/run [request-id: A4B7F9AD-E933-4A69-8E50-7B99FF528D79]
[ INFO ] POST /internal/attendance-analysis/clustering/run [request-id: 2E3ED095-34F0-4ED3-B882-1D39A653DE24]
[ INFO ] POST /internal/attendance-analysis/mlp/run [request-id: 3CC6BED0-248F-4D4E-9D78-622C8688FEB8]
[ INFO ] POST /internal/attendance-analysis/clustering/run [request-id: D97C5E50-253E-4389-A9E4-946729BDCEA9]
[ INFO ] POST /internal/attendance-analysis/mlp/run [request-id: E0846175-4E8E-464F-B6B6-A957916FC2DD]
[ INFO ] POST /internal/attendance-analysis/clustering/run [request-id: 3522371E-53D8-41C0-A141-EBFB63C368FC]
[ INFO ] POST /internal/attendance-analysis/mlp/run [request-id: 6022353D-27CA-414D-AE72-8BAB6828D797]
[ INFO ] POST /internal/attendance-analysis/clustering/run [request-id: 319BD3BE-9B42-48B7-846F-1C0B4652CDAE]
[ INFO ] POST /internal/attendance-analysis/mlp/run [request-id: 4DF80F04-5413-4D39-8790-FC03A844797E]
[ INFO ] POST /internal/attendance-analysis/clustering/run [request-id: 89313446-FC2E-451B-941B-D5A36425C271]
[ INFO ] POST /internal/attendance-analysis/mlp/run [request-id: 168B1909-3A96-47AA-B9B3-2857FA630F35]
[ INFO ] POST /internal/attendance-analysis/clustering/run [request-id: A356E12D-F867-48FB-ABDF-754210B88A2A]
[ INFO ] POST /internal/attendance-analysis/mlp/run [request-id: E54EDB1E-1DF7-4325-ACFB-05A8FD7FB3DE]
[ INFO ] POST /internal/attendance-analysis/clustering/run [request-id: 508F1282-2E6A-4597-B81A-7432E4D15B52]
[ INFO ] POST /internal/attendance-analysis/mlp/run [request-id: 975F4CBB-E373-450C-ABDE-59CAFD62BB8D]
[ INFO ] POST /internal/attendance-analysis/clustering/run [request-id: 80E1F8A6-A654-487C-970D-D0FF70F481C4]
[ INFO ] POST /internal/attendance-analysis/clustering/run [request-id: 756E1DBF-2A6E-4A9F-AE2F-D0D5D3906CC1]
[ INFO ] POST /internal/attendance-analysis/mlp/run [request-id: C1456C17-6B7B-4992-8A1C-ECF7544042BB]
[ INFO ] POST /internal/attendance-analysis/clustering/run [request-id: 62CD5354-CDE8-4EE0-9B18-980C28E8C926]
[ INFO ] POST /internal/attendance-analysis/mlp/run [request-id: 187FFF12-80DD-46F8-A39A-6924999548E6]
[ INFO ] POST /internal/attendance-analysis/clustering/run [request-id: 22A8BFDF-132A-41EB-82A1-C9A7EB905DC3]
[ INFO ] POST /internal/attendance-analysis/mlp/run [request-id: 32D45750-CE67-4322-B54E-1679E8BC5832]
[ INFO ] POST /internal/attendance-analysis/clustering/run [request-id: 2FD0F72D-D084-4D04-9DF0-CF1ECEC4E614]
[ INFO ] POST /internal/attendance-analysis/mlp/run [request-id: 1BDC2605-1DE7-4AF4-911D-AD1A1CB4F6A2]
[ INFO ] POST /internal/attendance-analysis/clustering/run [request-id: 51BDC170-9194-4CD1-997B-B147BB7BFC38]
[ INFO ] POST /internal/attendance-analysis/mlp/run [request-id: 6288E403-6B46-4A67-BDEF-45857DF060B5]
[ INFO ] POST /internal/attendance-analysis/clustering/run [request-id: BFB9249A-9412-41C1-97C8-D26B0AEF0C6F]
[ INFO ] POST /internal/attendance-analysis/mlp/run [request-id: 9C0E53AF-1A34-45BA-A7E4-685A0B17B71C]
[ INFO ] POST /internal/attendance-analysis/clustering/run [request-id: 596A5D9F-E337-4950-993F-3B5991830724]
[ INFO ] POST /internal/attendance-analysis/mlp/run [request-id: 11612F7A-8BFA-4095-9E50-AE3C4612D3AE]
[ INFO ] POST /internal/attendance-analysis/clustering/run [request-id: 88A9823D-7CC9-41FE-BECE-C89C4DEB684A]
[ INFO ] POST /internal/attendance-analysis/mlp/run [request-id: 9D8C5F79-0EEE-48EB-9EFD-8E219566451A]
[ INFO ] POST /internal/attendance-analysis/clustering/run [request-id: BFD7F993-FEDC-415A-A8D6-A0D7CF14FD2E]
[ INFO ] POST /internal/attendance-analysis/mlp/run [request-id: B68BE5C0-DFD8-4D9E-8CA7-A2076D927722]
[ INFO ] POST /internal/attendance-analysis/clustering/run [request-id: 3FFB1E5E-6D17-4550-868A-5416377DA2A5]
[ INFO ] POST /internal/attendance-analysis/mlp/run [request-id: 892B3CE9-F602-4357-8226-642A16BE4FE4]
[ INFO ] POST /internal/attendance-analysis/clustering/run [request-id: FAD35A3B-76D3-412B-9E54-463CE8352B22]
[ INFO ] POST /internal/attendance-analysis/mlp/run [request-id: 8F05EEC4-E4FF-4636-927C-1569F1A8C765]
[ INFO ] POST /internal/attendance-analysis/clustering/run [request-id: 571F5913-7A6A-401D-8DFD-7F5C12977ADE]
[ INFO ] POST /internal/attendance-analysis/mlp/run [request-id: 419E1156-2096-4F44-849D-CE4F71E50A88]
[ INFO ] POST /internal/attendance-analysis/clustering/run [request-id: 9703E6D5-DEAF-499F-A8D7-AD9828634C57]
[ INFO ] POST /internal/attendance-analysis/mlp/run [request-id: 6925BBB8-6604-4197-9432-F778121B4611]
[ INFO ] GET /auth/getToken [request-id: 00DC905F-19F0-4D3F-AF19-9CCB4A8C8151]
[ INFO ] POST /internal/attendance-analysis/mlp/run [request-id: 2CA52600-8F2B-4575-8104-1C6213BB7300]
[ WARNING ] Abort.400: {"reason":"Data corrupted at path ''. The given data was not valid JSON. Underlying error: Error Domain=NSCocoaErrorDomain Code=3840 \"Unexpected character 'd' around line 1, column 1.\" UserInfo={NSJSONSerializationErrorIndex=0, NSDebugDescription=Unexpected character 'd' around line 1, column 1.}.","error":true} [request-id: 2CA52600-8F2B-4575-8104-1C6213BB7300]
[ INFO ] POST /internal/attendance-analysis/clustering/run [request-id: 24086E2F-38BE-4CCC-B3D8-C7B40596A790]
[ INFO ] POST /internal/attendance-analysis/mlp/run [request-id: 8689CC4A-3362-4B6D-901F-6DE53FBE3AA2]
[ INFO ] POST /internal/attendance-analysis/clustering/run [request-id: DB165371-B1B6-408A-855E-AAACE69AE869]
[ INFO ] POST /internal/attendance-analysis/mlp/run [request-id: 564C2295-B3B2-4D74-89D9-BB47584983C2]
[ INFO ] POST /internal/attendance-analysis/clustering/run [request-id: 0520E6DB-769F-41EE-9600-BA1F6E9F4813]
[ INFO ] POST /internal/attendance-analysis/mlp/run [request-id: A28F85B2-6E1C-4966-88C7-3258ECDD57DD]
[ INFO ] POST /internal/attendance-analysis/clustering/run [request-id: B24C5BD0-FFA1-4FBF-B76F-F64AFA32FA0C]
[ INFO ] POST /internal/attendance-analysis/mlp/run [request-id: 6C19D05F-DEED-4ACA-AC4B-0A8ED7210455]
[ INFO ] POST /internal/attendance-analysis/clustering/run [request-id: C6957156-6FA8-4E56-8320-B5812394C4D9]
[ INFO ] POST /internal/attendance-analysis/mlp/run [request-id: 21C0EA3C-3321-4158-93CC-B52B0A52E979]
[ INFO ] POST /internal/attendance-analysis/clustering/run [request-id: 93588E2B-203D-4E93-9DC8-7A3290999969]
[ INFO ] POST /internal/attendance-analysis/mlp/run [request-id: 432E1DD5-C1A0-423E-905C-329A3C873DEE]
[ INFO ] POST /internal/attendance-analysis/clustering/run [request-id: A38BC77B-5D74-4403-BF34-C30DC03D9CD2]
[ INFO ] POST /internal/attendance-analysis/mlp/run [request-id: E06DA1F3-3839-4699-B544-37847B3240F9]
[ INFO ] POST /internal/attendance-analysis/clustering/run [request-id: 685FD5AF-7431-46BF-ADEC-ABC1F8190459]
[ INFO ] POST /internal/attendance-analysis/mlp/run [request-id: 56CABBAD-C465-4E79-9323-1E8F4FBFFE24]
[ INFO ] POST /internal/attendance-analysis/clustering/run [request-id: 8000B980-8AF5-4977-ADEB-E6998E02FADD]
[ INFO ] POST /internal/attendance-analysis/clustering/run [request-id: 1BFBCA86-A388-44DB-99D1-9FAE33F0DA55]
[ INFO ] POST /internal/attendance-analysis/mlp/run [request-id: 242D7BBD-41DA-44F8-BA4E-2166F12EDE44]
[ INFO ] POST /internal/attendance-analysis/clustering/run [request-id: 20D483A3-47DA-48D1-9E2B-2D7363BB9BAE]
[ INFO ] POST /internal/attendance-analysis/mlp/run [request-id: 1F9DD3F0-0105-4EA4-88FE-ACE47C299FCD]
[ INFO ] GET /auth/getToken [request-id: 3043032A-4361-4A37-82DD-71D97A8B0384]
[ INFO ] POST /internal/attendance-analysis/mlp/run [request-id: 55F08AEB-46A0-4A70-9480-4CB3CF07A156]
[ INFO ] POST /internal/attendance-analysis/clustering/run [request-id: 7BEC6D0E-D315-47B8-844C-DD76A81345C0]
[ INFO ] POST /internal/attendance-analysis/mlp/run [request-id: 9431AA99-A419-4919-9AEB-BF510EDC5B4F]
[ INFO ] POST /internal/attendance-analysis/clustering/run [request-id: CA4219CE-C757-4A34-AB14-D305440574C1]
[ INFO ] POST /internal/attendance-analysis/mlp/run [request-id: 0BB8718C-ACEB-4936-884B-8FE739EB2C8F]
[ INFO ] POST /internal/attendance-analysis/clustering/run [request-id: E10B5573-AC56-49C7-AC2B-63314A5590F0]
[ INFO ] POST /internal/attendance-analysis/mlp/run [request-id: 00D25D43-AB28-4F44-A4F5-9DCBC94CAC39]
[ INFO ] POST /internal/attendance-analysis/clustering/run [request-id: 73C81854-5B8D-49AA-A966-8A469970C76F]
[ INFO ] POST /internal/attendance-analysis/mlp/run [request-id: A8B6AC6F-ECA4-4608-A815-AB9BA8E68171]
[ INFO ] POST /internal/attendance-analysis/clustering/run [request-id: FB7DA206-0C35-4D83-AEF3-415BD81FF1B3]
[ INFO ] POST /internal/attendance-analysis/mlp/run [request-id: EF0CF104-F126-426D-9A82-F3C413E9A0B3]
[ INFO ] POST /internal/attendance-analysis/clustering/run [request-id: 2AC405FA-5E82-436E-A964-D7248E875C71]
[ INFO ] POST /internal/attendance-analysis/mlp/run [request-id: 87D5D52B-F5D2-423A-83F3-1FF655B0ACCF]
[ INFO ] POST /internal/attendance-analysis/clustering/run [request-id: 02C054B2-B60F-4392-9DDF-52312A7ABD0C]
[ INFO ] POST /internal/attendance-analysis/mlp/run [request-id: E4ED50F6-F778-42C1-85AA-881BF665C9CB]
[ INFO ] POST /internal/attendance-analysis/clustering/run [request-id: C8BEB7A5-01C3-4A56-8242-4BE51A2DFD7B]
[ INFO ] POST /internal/attendance-analysis/mlp/run [request-id: C7F007DC-CA83-4379-9BAA-616F546A884C]
[ INFO ] POST /internal/attendance-analysis/clustering/run [request-id: 8F71076F-7C8A-44BF-8E3E-9246B7945DCF]
[ INFO ] POST /internal/attendance-analysis/mlp/run [request-id: 2070CE23-CC32-44A6-BF0D-B03136232AEE]
[ INFO ] POST /internal/attendance-analysis/clustering/run [request-id: 6298135A-0C19-40DA-95E0-FFD479382CF1]
[ INFO ] POST /internal/attendance-analysis/mlp/run [request-id: 83FA3D6A-51CB-4938-9B7D-2B1626A7DF47]
[ INFO ] POST /internal/attendance-analysis/clustering/run [request-id: 101A8EDB-025A-4048-98B0-D6808D65209C]
[ INFO ] POST /internal/attendance-analysis/mlp/run [request-id: 2C6CD825-53B5-46D0-AAC9-F4CBC28F696B]
[ INFO ] POST /internal/attendance-analysis/clustering/run [request-id: 3F5EE908-13CD-4F40-94EF-4F5E8CD8A630]
[ INFO ] POST /internal/attendance-analysis/mlp/run [request-id: C99E3955-1C5E-43F7-9283-820BBBBD73F8]
[ INFO ] POST /internal/attendance-analysis/clustering/run [request-id: 8963E0E9-FEA1-4D26-AB3B-FB9A86700EAB]
[ INFO ] POST /internal/attendance-analysis/mlp/run [request-id: 1ACBEDF0-7FEB-4615-86B4-490784FAB587]
[ INFO ] POST /internal/attendance-analysis/clustering/run [request-id: E551E4A2-7F96-4A7F-8F14-40B498F434C1]
[ INFO ] POST /internal/attendance-analysis/mlp/run [request-id: 9301F0C8-310F-407C-8018-E6265B95D18F]
[ INFO ] POST /internal/attendance-analysis/clustering/run [request-id: 67CFC438-A4C7-4D2C-ADFC-1A9E3AED7925]
[ INFO ] POST /internal/attendance-analysis/clustering/run [request-id: 03581915-386B-4B92-916E-31E55C9BFA33]
[ INFO ] POST /internal/attendance-analysis/mlp/run [request-id: 5A1EB455-4D45-4F93-AD35-034E34DF59A9]
[ INFO ] POST /internal/attendance-analysis/clustering/run [request-id: E7ED9B09-C9B3-49F0-AA62-1136968A9A0A]
[ INFO ] POST /internal/attendance-analysis/mlp/run [request-id: F19507FC-FEDA-42F0-9719-928207C1170C]
[ INFO ] POST /internal/attendance-analysis/clustering/run [request-id: B7487628-09A4-4B93-9F8D-B77F82C1EC78]
[ INFO ] POST /internal/attendance-analysis/mlp/run [request-id: 0EC3869A-F94B-4C4A-9390-399CDADBCD34]
[ INFO ] POST /internal/attendance-analysis/clustering/run [request-id: 7889CEDD-D49A-4C9A-860A-96F2B767C4EB]
[ INFO ] POST /internal/attendance-analysis/mlp/run [request-id: A8EF0545-A236-42BD-9D15-68DC14B5A2F4]
[ INFO ] POST /internal/attendance-analysis/clustering/run [request-id: 2C6599E7-5E24-45A0-8AB0-8B797044D024]
[ INFO ] POST /internal/attendance-analysis/mlp/run [request-id: 305ADD22-4CF5-4A20-98D0-15ED8D26C963]
[ INFO ] POST /internal/attendance-analysis/mlp/run [request-id: BAFE25D2-0CBC-44E9-8A91-DCDAA8D2FC85]
[ INFO ] POST /internal/attendance-analysis/mlp/run [request-id: 8BDAE9E1-0EE2-44C2-8222-DBF24A8AF409]
[ INFO ] POST /internal/attendance-analysis/mlp/run [request-id: 2568ABF5-7B90-4A11-A0A5-0C62A484F6D9]
[ INFO ] POST /internal/attendance-analysis/mlp/run [request-id: 39F87633-CBC1-483F-A85C-7E700BC36995]
[ INFO ] POST /internal/attendance-analysis/mlp/run [request-id: 57FA83E5-EBC2-4704-83C0-8438C004C1BC]
[ INFO ] POST /internal/attendance-analysis/mlp/run [request-id: E53F40C2-97E7-4873-8B39-08841A5E4858]
[ INFO ] POST /internal/attendance-analysis/mlp/run [request-id: 6672BEC5-71ED-4A7B-911B-C4C6B3AB28A5]
[ INFO ] POST /internal/attendance-analysis/mlp/run [request-id: 3B8D3334-1F29-4A69-8535-BD2FF3405AAF]
[ INFO ] POST /internal/attendance-analysis/mlp/run [request-id: 50957F35-5880-436F-8FD4-4A7F8EF8C2F0]
[ INFO ] POST /internal/attendance-analysis/mlp/run [request-id: 00FE96C4-2317-46A2-89FA-3F603B2FD476]
[ INFO ] POST /internal/attendance-analysis/mlp/run [request-id: 8010B99F-353A-4D86-9CAA-F0A54B607652]
[ INFO ] POST /internal/attendance-analysis/mlp/run [request-id: 1CEDBE3D-DF2D-4EB4-B3A5-EEC5CC9F6D23]
[ INFO ] POST /internal/attendance-analysis/mlp/run [request-id: BB7C6256-AD6F-49A3-9CA9-3B87F1EAE9BD]
[ INFO ] POST /internal/attendance-analysis/mlp/run [request-id: 9DCA2874-BF8C-4FE3-B867-D89B46CE008C]
[ INFO ] POST /internal/attendance-analysis/mlp/run [request-id: ACD4738B-C1BD-4F73-8A74-7B26E0A1856F]
[ INFO ] POST /internal/attendance-analysis/mlp/run [request-id: 5599A5E8-04C4-4CAA-852F-FB3514940DC7]
[ INFO ] POST /internal/attendance-analysis/mlp/run [request-id: 15286C52-EF3E-4FC9-82E6-F7865313BAB5]
[ INFO ] POST /internal/attendance-analysis/mlp/run [request-id: EBB7A698-2452-4E61-B57D-B4169A59F496]
[ INFO ] POST /internal/attendance-analysis/mlp/run [request-id: DB943AE6-0E44-47A7-865F-6F2A09D31D36]
[ INFO ] POST /internal/attendance-analysis/mlp/run [request-id: 16565DFA-991D-4BC3-AFB6-1A7583AE47C4]
[ INFO ] POST /internal/attendance-analysis/mlp/run [request-id: 75DEEA84-EE04-4B84-8D2F-2EFDEA540F67]
[ INFO ] POST /internal/attendance-analysis/mlp/run [request-id: 649A11E5-BD0C-4F18-95CD-F20DAB8D9F35]
[ INFO ] POST /internal/attendance-analysis/mlp/run [request-id: 2822C635-23DE-4E92-A75F-D14E89BD46C9]
[ INFO ] POST /internal/attendance-analysis/mlp/run [request-id: A2320D07-E69E-4C32-9573-8B4F7E2CE6AD]
[ INFO ] POST /internal/attendance-analysis/mlp/run [request-id: EE09025F-F574-46DA-91FB-163ECD440599]
[ INFO ] POST /internal/attendance-analysis/mlp/run [request-id: 28FB209E-7F78-400B-85F6-F82A52809F59]
[ INFO ] POST /internal/attendance-analysis/mlp/run [request-id: BAA6C72E-EE8F-4AA3-A724-545F10C459FA]
[ INFO ] POST /internal/attendance-analysis/mlp/run [request-id: 95F23F6D-0A8C-430B-9E66-9A41B3FE2CDC]
[ INFO ] POST /internal/attendance-analysis/mlp/run [request-id: C9A5F879-E1F5-4919-80AE-205B2E8701F9]
[ INFO ] POST /internal/attendance-analysis/mlp/run [request-id: 30D7EF84-46A2-427C-A27A-B5FAE9B89947]
[ INFO ] POST /internal/attendance-analysis/mlp/run [request-id: 0EC19F6C-C0DD-4DAC-B185-AC861A6E8061]
[ INFO ] POST /internal/attendance-analysis/mlp/run [request-id: 8C590467-72E5-4CF9-BF6D-34C95D303445]
[ INFO ] POST /internal/attendance-analysis/mlp/run [request-id: 80C5A8AF-28DA-4C78-95A1-BFE7FACB31F0]
[ INFO ] POST /internal/attendance-analysis/mlp/run [request-id: 017BB500-16DB-4A32-B0C5-327AF43A3348]
[ INFO ] POST /internal/attendance-analysis/mlp/run [request-id: D6AE457B-8DCA-4ECC-AB24-F931DCFD292C]
[ INFO ] POST /internal/attendance-analysis/mlp/run [request-id: D3EEE280-F2BF-416C-91D8-B925B36AB1D1]
[ INFO ] POST /internal/attendance-analysis/mlp/run [request-id: 3C9B27F9-4912-4341-9076-937FD65D76EF]
[ INFO ] POST /internal/attendance-analysis/mlp/run [request-id: C380932A-EFD5-49F2-A094-1BF5A30A37E3]
[ INFO ] POST /internal/attendance-analysis/mlp/run [request-id: 63A4E112-086D-45DF-82B5-3968AA94EA4C]
[ INFO ] POST /internal/attendance-analysis/mlp/run [request-id: 739CBAB8-A414-4207-BF6A-178D862E098A]
[ INFO ] POST /internal/attendance-analysis/mlp/run [request-id: 1869D7E1-B0FB-4569-A6F4-4895BEDBBDF4]
[ INFO ] POST /internal/attendance-analysis/mlp/run [request-id: 38985D8B-AC8D-456B-AEB1-521008FB53A8]
[ INFO ] POST /internal/attendance-analysis/mlp/run [request-id: 0BD13271-08E7-4567-BC82-5AFCAF68FFB4]
[ INFO ] POST /internal/attendance-analysis/mlp/run [request-id: ADAB014D-E504-4364-BCE1-0F16C15365DE]
[ INFO ] POST /internal/attendance-analysis/mlp/run [request-id: 4D72A2E7-7765-4BFD-BF7D-E82D34E85C3A]
[ INFO ] POST /internal/attendance-analysis/mlp/run [request-id: 706E439B-DB7D-4BDD-896F-418C7512CC53]
[ INFO ] POST /internal/attendance-analysis/mlp/run [request-id: D93AD6EB-380B-4044-BBDA-1E0BF92EE1E4]
[ INFO ] POST /internal/attendance-analysis/mlp/run [request-id: 099136D2-3262-4697-BB07-7628B953D6B4]
[ INFO ] POST /internal/attendance-analysis/mlp/run [request-id: 9978B28D-C512-4A4A-BFD0-0B48296E61AF]
[ INFO ] POST /internal/attendance-analysis/mlp/run [request-id: 445AFC20-D783-4605-BB71-60DC667604B3]
[ INFO ] POST /internal/attendance-analysis/mlp/run [request-id: 15DFFBAD-0033-4FC6-9030-79FE2CEC39EB]
[ INFO ] POST /internal/attendance-analysis/mlp/run [request-id: F2DAD3C7-9B75-49F8-87A9-75DFBA8AEF2B]
[ INFO ] POST /internal/attendance-analysis/mlp/run [request-id: 08B92B70-B212-4DCB-BCC9-579433FE347E]
[ INFO ] POST /internal/attendance-analysis/mlp/run [request-id: 0C8E3969-595F-45C5-9509-3676FC7AD872]
[ INFO ] GET /auth/getToken [request-id: 7EAD8292-18B0-45B2-9B1E-4C4EF666C012]
[ INFO ] POST /internal/attendance-analysis/mlp/feedback [request-id: 4A48EC62-4ADF-47DF-85FA-7A3FB4DBA389]
[ INFO ] GET /internal/attendance-analysis/users/22222222-2222-2222-2222-222222222222/results [request-id: EBC3B180-8ECA-48F3-8A7F-C404DFCBC364]
[ INFO ] POST /internal/attendance-analysis/mlp/run [request-id: 57B03480-FBB5-4E23-A51C-077A36725D70]
[ INFO ] POST /internal/attendance-analysis/mlp/run [request-id: 07C2061A-4E13-4A6D-B7CD-17CD73B8F135]
[ INFO ] POST /internal/attendance-analysis/mlp/run [request-id: BCDE62C0-B6E1-4354-9B71-FD2E5963A9C6]
[ INFO ] POST /internal/attendance-analysis/mlp/run [request-id: DE3319F5-F5E7-4F1A-B6B8-6807564C330C]
[ INFO ] POST /internal/attendance-analysis/mlp/run [request-id: 9559ACDA-DDAD-41B3-9872-9ACD60FECF26]
[ INFO ] POST /internal/attendance-analysis/mlp/run [request-id: 6FF7FF65-7AF8-4B25-99FA-7CC5A301E001]
[ INFO ] POST /internal/attendance-analysis/mlp/run [request-id: 3BB0A15A-663C-46E8-8304-F30DEBEED3BC]
[ INFO ] POST /internal/attendance-analysis/mlp/run [request-id: A2575911-8E83-4636-A1BF-90AA45ED2498]
[ INFO ] POST /internal/attendance-analysis/mlp/run [request-id: 30360F38-4E19-4198-B059-E7E8C9F9DF23]
[ INFO ] POST /internal/attendance-analysis/mlp/run [request-id: DCA438A2-EB26-4BCC-982B-B24B0F848128]
[ INFO ] POST /internal/attendance-analysis/mlp/run [request-id: 2099FCFE-7DFE-493E-9E71-FDB7D1CC2B49]
[ INFO ] POST /internal/attendance-analysis/mlp/run [request-id: E658F4C7-4E4B-4E26-81CD-CA516DD82E5B]
[ INFO ] POST /internal/attendance-analysis/mlp/run [request-id: A1C244FA-C07D-4802-989D-63AF99F2CD1A]
[ INFO ] POST /internal/attendance-analysis/mlp/run [request-id: F1FFF83D-9875-42F0-9C6D-745B1BB29A9C]
[ INFO ] POST /internal/attendance-analysis/mlp/run [request-id: BDF0A1D5-F2ED-4DD1-BD04-43E64C5ACDEB]
[ INFO ] POST /internal/attendance-analysis/mlp/run [request-id: 56735594-3EC4-4F21-90EC-0AD19B0E4799]
[ INFO ] POST /internal/attendance-analysis/mlp/run [request-id: 927E00C6-DDB3-4197-9949-8AC5C808FD54]
[ INFO ] POST /internal/attendance-analysis/mlp/run [request-id: AAF6D1AC-F24A-4403-8CCE-F00A58B7D9EF]
[ INFO ] POST /internal/attendance-analysis/mlp/run [request-id: C2B941B9-7957-4ED5-B911-AB53B5FBFFC0]
[ INFO ] POST /internal/attendance-analysis/mlp/run [request-id: 3AA90A36-2632-4DE9-9990-2C09F0296AC7]
[ INFO ] POST /internal/attendance-analysis/mlp/run [request-id: E71F4506-CCA5-4677-B9AA-A4F1A20D0A12]
[ INFO ] POST /internal/attendance-analysis/mlp/run [request-id: 0429AFFB-9970-43BB-96A5-933D83677379]
[ INFO ] POST /internal/attendance-analysis/mlp/run [request-id: E811265D-7EDA-4B16-A5E7-B4B903FEC5C2]
[ INFO ] POST /internal/attendance-analysis/mlp/run [request-id: E572E593-45E0-4E19-8882-E69C095F966F]
[ INFO ] POST /internal/attendance-analysis/mlp/run [request-id: E58C453A-25AD-47B1-ABCF-6A2D23040EFA]
[ INFO ] POST /internal/attendance-analysis/mlp/run [request-id: 6B1F1FF2-BD34-4EA4-A786-61504BEEC3AD]
[ INFO ] POST /internal/attendance-analysis/mlp/run [request-id: E683AFEE-4A76-41A7-A7F3-19C01A7550D8]
[ INFO ] POST /internal/attendance-analysis/mlp/run [request-id: 8BCFB307-66EB-4964-954E-FBCEBCC621E5]
[ INFO ] POST /internal/attendance-analysis/mlp/run [request-id: 3412E629-FD54-4FB2-9038-2721934BEDA0]
[ INFO ] POST /internal/attendance-analysis/mlp/run [request-id: A6136F0D-E558-4AFE-9F6E-95F40A6540D8]
[ INFO ] POST /internal/attendance-analysis/mlp/run [request-id: D22E6E22-B818-4249-9B6F-D55E329E830C]
[ INFO ] POST /internal/attendance-analysis/mlp/run [request-id: 704E0202-1964-46FC-8A04-956AF386C275]
[ INFO ] POST /internal/attendance-analysis/mlp/run [request-id: AA9463AE-6075-4EF9-9277-38D3B34C9752]
[ INFO ] POST /internal/attendance-analysis/mlp/run [request-id: 44AD8614-9528-47E5-9714-77A367CB26BC]
[ INFO ] POST /internal/attendance-analysis/mlp/run [request-id: 815F961A-02BB-4403-9136-6F094F4B800B]
[ INFO ] POST /internal/attendance-analysis/mlp/run [request-id: 59426CD7-9A85-4AA9-A9DB-A63041AB7E06]
[ INFO ] POST /internal/attendance-analysis/mlp/run [request-id: 54DDB8D6-B57A-417E-AEB3-D479BC0B2618]
[ INFO ] POST /internal/attendance-analysis/mlp/run [request-id: 219D472A-1750-47D1-81E3-AB3E88142E85]
[ INFO ] POST /internal/attendance-analysis/mlp/run [request-id: BF716441-4677-4C65-BDED-988A369CF759]
[ INFO ] POST /internal/attendance-analysis/mlp/run [request-id: A0ACEA34-FB35-4E1F-8826-663D73AC1AFE]
[ INFO ] POST /internal/attendance-analysis/mlp/run [request-id: 6943AB2C-976B-42D5-B9B3-28C8F32971C5]
[ INFO ] POST /internal/attendance-analysis/mlp/run [request-id: 078C0E60-AE4E-42B2-86CF-19EBB9185EB2]
[ INFO ] POST /internal/attendance-analysis/mlp/run [request-id: 5B76011A-EE36-49F2-BED7-A100F6D5965D]
[ INFO ] POST /internal/attendance-analysis/mlp/run [request-id: A7E62127-BB41-46AA-98FE-0A3A80D5EB79]
[ INFO ] POST /internal/attendance-analysis/mlp/run [request-id: 908EEE38-EE9E-4A8A-B061-1E64071CAE85]
[ INFO ] POST /internal/attendance-analysis/mlp/run [request-id: 2EE66810-E529-42F6-9954-1E5C009AD4FD]
[ INFO ] POST /internal/attendance-analysis/mlp/run [request-id: 49AD0392-0DC0-48AF-9745-A7245A0E20B0]
[ INFO ] POST /internal/attendance-analysis/mlp/run [request-id: 23821AFA-CFFC-4C85-A674-568EA9E661CC]
[ INFO ] POST /internal/attendance-analysis/mlp/run [request-id: F04667AF-57ED-4992-BE1C-813EAB5785A9]
[ INFO ] POST /internal/attendance-analysis/mlp/run [request-id: 921F9890-3F31-4A96-AC0D-9A31E36D595C]
[ INFO ] POST /internal/attendance-analysis/mlp/run [request-id: 97A30F2D-2423-41B2-B04F-48C472B6E09F]
[ INFO ] POST /internal/attendance-analysis/mlp/run [request-id: 59EB9519-CA20-49BC-A833-8A5EAF39B3E5]
[ INFO ] POST /internal/attendance-analysis/mlp/run [request-id: 538E3B35-83E3-4B1D-9DD0-89DF1193EE37]
[ INFO ] POST /internal/attendance-analysis/mlp/run [request-id: 70E69A25-48E3-4CE7-B5C7-33B3A93643F8]
[ INFO ] POST /internal/attendance-analysis/mlp/run [request-id: 0CE0C542-1058-47FE-AF3F-70B68A2B2048]
[ INFO ] POST /internal/attendance-analysis/mlp/run [request-id: F707E341-7E87-48CF-ACAD-762179AFF1CD]
[ INFO ] POST /internal/attendance-analysis/mlp/run [request-id: 25B26527-3F6C-4423-9BDC-0FC638D57EED]
[ INFO ] POST /internal/attendance-analysis/mlp/run [request-id: C7BF9EE0-20B3-4141-8E4D-76DFAFDDB361]
[ INFO ] POST /internal/attendance-analysis/mlp/run [request-id: 4C7561C6-D13B-4611-8F5E-380B855FB506]
[ INFO ] POST /internal/attendance-analysis/mlp/run [request-id: 4B5E67B3-FE94-417D-88F3-13B0D83954C6]
[ INFO ] POST /internal/attendance-analysis/mlp/run [request-id: 7C29F714-1746-46E7-BE9B-5C2956C015A3]
[ INFO ] GET /auth/getToken [request-id: 1ECB5CDD-B625-461A-9613-A83EF2BDF7EB]
[ INFO ] POST /internal/attendance-analysis/mlp/feedback [request-id: B60580D6-78C8-47BD-AB85-FA5174FD18CD]
[ INFO ] POST /internal/attendance-analysis/mlp/feedback [request-id: 1CD7FDEC-622C-4E7D-A5C3-86E0FC585140]
[ INFO ] POST /internal/attendance-analysis/mlp/feedback [request-id: 3B635E3E-2769-4B61-8690-B58FE3DF8540]
[ INFO ] POST /internal/attendance-analysis/mlp/feedback [request-id: 807C7B66-5111-4EFF-BA80-EADEC2BC3811]
[ INFO ] POST /internal/attendance-analysis/mlp/feedback [request-id: 5C0DBB3E-FD2B-4C79-BAE5-25F3162D7479]
[ INFO ] POST /internal/attendance-analysis/mlp/feedback [request-id: 056D13B2-7800-46D1-9BFA-87E2B5CB4B24]
[ INFO ] POST /internal/attendance-analysis/mlp/feedback [request-id: BA7E3AA9-2FBE-4C56-8C79-E84C62676595]
[ INFO ] POST /internal/attendance-analysis/mlp/feedback [request-id: 0CBEB68A-88B4-438B-8548-301D31BDEEF9]
[ INFO ] POST /internal/attendance-analysis/mlp/feedback [request-id: 28C875DA-9574-4E4C-BE05-B5EEC6A38C14]
[ INFO ] POST /internal/attendance-analysis/mlp/feedback [request-id: 781C34E1-4F4F-4AE3-A788-4C8329395574]
[ INFO ] POST /internal/attendance-analysis/mlp/feedback [request-id: 170286C1-ED93-4694-89E1-AA29FAB41881]
[ INFO ] POST /internal/attendance-analysis/mlp/feedback [request-id: 943309F1-826F-4567-95A4-6F8AB0F2C719]
[ INFO ] POST /internal/attendance-analysis/mlp/feedback [request-id: DC1AAEDB-E85C-4DB1-AF7E-DAD5ED7DC45A]
[ INFO ] POST /internal/attendance-analysis/mlp/run [request-id: 164938E6-3E4A-4844-A644-EBE01DAE87AC]
[ INFO ] POST /internal/attendance-analysis/mlp/feedback [request-id: 61AB6F44-E024-488B-B342-06133499654D]
[ INFO ] POST /internal/attendance-analysis/mlp/feedback [request-id: A10259C2-C504-463D-8248-F90FA3416D60]
[ INFO ] POST /internal/attendance-analysis/mlp/run [request-id: 5CA9EBFC-398A-4DED-A003-BB27DAC917EA]
[ INFO ] POST /internal/attendance-analysis/mlp/feedback [request-id: 686719BB-D105-486E-A8DD-975DD1D918C8]
[ INFO ] POST /internal/attendance-analysis/mlp/feedback [request-id: 67EDB55F-B384-46C6-8344-F1B36DDC1152]
[ INFO ] POST /internal/attendance-analysis/mlp/feedback [request-id: DC5B85CF-65E5-4028-BDBB-0F6E72483525]
[ INFO ] POST /internal/attendance-analysis/mlp/feedback [request-id: C16D5A40-48C0-437A-93F4-9803EFA20835]
[ INFO ] POST /internal/attendance-analysis/mlp/feedback [request-id: CEBAE469-BE49-45A5-8AF5-9A07EDC57DDA]
[ INFO ] POST /internal/attendance-analysis/mlp/feedback [request-id: 313B8B42-F2B6-4CD0-A140-16AC3BE0A80F]
[ INFO ] POST /internal/attendance-analysis/mlp/feedback [request-id: 8DB8506C-1C65-486B-8CBE-FA02B4B33EF3]
[ INFO ] POST /internal/attendance-analysis/mlp/feedback [request-id: 9E68CE1F-3E23-4E66-8E8B-B3AE249D2696]
[ INFO ] POST /internal/attendance-analysis/mlp/feedback [request-id: 6F03FB2F-D49D-47CE-B547-96571FF68831]
[ INFO ] POST /internal/attendance-analysis/mlp/feedback [request-id: 89EA18BB-743F-4709-B4D1-946108A9EA3E]
[ INFO ] POST /internal/attendance-analysis/mlp/feedback [request-id: BAB01F20-D7B0-4F29-9A59-EAD43B6C726C]
[ INFO ] POST /internal/attendance-analysis/mlp/feedback [request-id: 1C054A54-F503-438E-89CE-3336463AC662]
[ INFO ] POST /internal/attendance-analysis/mlp/feedback [request-id: BE165544-7784-408A-A523-6EE9D3097E1E]
[ INFO ] POST /internal/attendance-analysis/mlp/feedback [request-id: 2D124E56-AFAE-421E-A8C4-931C1D840959]
[ INFO ] POST /internal/attendance-analysis/mlp/feedback [request-id: FB5468A0-6596-4CC8-AD78-CAB6F8FE505D]
[ INFO ] POST /internal/attendance-analysis/mlp/run [request-id: 0492CACC-A4BD-4573-A05B-9384DFA452F8]
[ INFO ] POST /internal/attendance-analysis/mlp/feedback [request-id: A87068DF-60D5-4083-8844-839E90247B44]
[ INFO ] POST /internal/attendance-analysis/mlp/run [request-id: 350FB53F-49B2-4F0E-84C2-6D5A26622714]
[ INFO ] POST /internal/attendance-analysis/mlp/feedback [request-id: FF9491BC-F58F-432A-95F1-583DFE352B7C]
[ INFO ] POST /internal/attendance-analysis/mlp/feedback [request-id: FD5E6DDF-B90B-41DE-B15D-8B4E9E171859]
[ INFO ] POST /internal/attendance-analysis/mlp/feedback [request-id: 78A3DAB8-5A28-4546-BEEF-C9DFE308D937]
[ INFO ] POST /internal/attendance-analysis/mlp/feedback [request-id: 9A5A455E-2273-4769-978B-9AEB69349B6A]
[ INFO ] POST /internal/attendance-analysis/mlp/feedback [request-id: DB1D91F3-1A36-4AF6-9338-842DADBA14E3]
[ INFO ] POST /internal/attendance-analysis/mlp/feedback [request-id: DE1CC061-1D00-4847-B3AA-28AA62A57BBD]
[ INFO ] POST /internal/attendance-analysis/mlp/feedback [request-id: 1753BCCE-8EA6-46C3-B3ED-367BABC5F830]
[ INFO ] POST /internal/attendance-analysis/mlp/feedback [request-id: B18A70DD-6BEE-4D94-AF51-39D5CCC602A5]
[ INFO ] POST /internal/attendance-analysis/mlp/feedback [request-id: 17AB6E02-AA59-42E8-B652-F1967F3DB4CF]
[ INFO ] POST /internal/attendance-analysis/mlp/feedback [request-id: ED8E86FB-234A-4269-80D1-78BDEBE01B21]
[ INFO ] POST /internal/attendance-analysis/mlp/feedback [request-id: FE7E21D4-4627-40B6-93B3-DDAA8F0D29C2]
[ INFO ] POST /internal/attendance-analysis/mlp/feedback [request-id: D9FE38DF-9E7C-4DC1-B341-C28EEABE28BF]
[ INFO ] POST /internal/attendance-analysis/mlp/feedback [request-id: AEE12A90-5F9F-47D4-84C8-79678FBC532A]
[ INFO ] POST /internal/attendance-analysis/mlp/feedback [request-id: 1FA2D345-5D9A-4E41-A13C-45D976D8E5B0]
[ INFO ] POST /internal/attendance-analysis/mlp/feedback [request-id: AC5B37E2-02B5-4B9A-B7C4-64F82636B485]
[ INFO ] POST /internal/attendance-analysis/mlp/feedback [request-id: C4370D22-7EE0-437C-A0CA-3CF76A6548D5]
[ INFO ] POST /internal/attendance-analysis/mlp/run [request-id: E7FBC70E-BF8D-492E-81EB-211F4B51EF43]
[ INFO ] POST /internal/attendance-analysis/mlp/run [request-id: 3841F546-519A-4E97-8913-77E6BE58D8D7]
[ INFO ] POST /internal/attendance-analysis/mlp/feedback [request-id: 07B82720-4CBD-4AD0-9D95-CA4E43749324]
[ INFO ] POST /internal/attendance-analysis/mlp/feedback [request-id: A239BB48-7355-499E-BAC3-2FBBD6C19F6E]
[ INFO ] POST /internal/attendance-analysis/mlp/feedback [request-id: 7CC11693-2275-4861-AEF2-3EBF8F5A86CB]
[ INFO ] POST /internal/attendance-analysis/mlp/feedback [request-id: 61DF75F8-BA1C-4B90-A14A-AD974A63E8DF]
[ INFO ] POST /internal/attendance-analysis/mlp/feedback [request-id: D72B0AAF-0A8C-4C3E-AD35-62179A066E55]
[ INFO ] POST /internal/attendance-analysis/mlp/feedback [request-id: BF01E8CD-642D-42C2-8190-80F4C4C74AF5]
[ INFO ] POST /internal/attendance-analysis/mlp/feedback [request-id: A950AA7E-362E-4F0B-A3C8-626D6D7E2796]
[ INFO ] POST /internal/attendance-analysis/mlp/feedback [request-id: C78675C6-0417-4322-B34E-D2125203EE7A]
[ INFO ] POST /internal/attendance-analysis/mlp/run [request-id: DEB97887-38B7-48AE-AA15-EB13803B0E9F]
[ INFO ] POST /internal/attendance-analysis/mlp/run [request-id: 5D43E57F-EACD-430B-A17C-DAC7B3151B8D]
[ INFO ] POST /internal/attendance-analysis/mlp/feedback [request-id: 34DFF5FE-44ED-4C3B-812A-B8B3798EF95C]
[ INFO ] POST /internal/attendance-analysis/mlp/feedback [request-id: B96F4840-6C1B-483E-B5EC-368DA98D7E37]
[ INFO ] POST /internal/attendance-analysis/mlp/feedback [request-id: CEBD2DC6-207D-455D-B3C6-330698CD4868]
[ INFO ] POST /internal/attendance-analysis/mlp/feedback [request-id: F23D45A8-81A1-4785-86E0-2F2F70C036E7]
[ INFO ] POST /internal/attendance-analysis/mlp/feedback [request-id: A53BB8F7-D994-470D-B6CD-896646364F84]
[ INFO ] POST /internal/attendance-analysis/mlp/feedback [request-id: E9FE3682-0D91-41CB-889D-86B73317FD2F]
[ INFO ] POST /internal/attendance-analysis/mlp/feedback [request-id: 2078901D-854F-45AF-9611-4CB9C2F31077]
[ INFO ] POST /internal/attendance-analysis/mlp/run [request-id: 25F39D8E-B3C0-4437-B70F-884D664EF1E9]
[ INFO ] POST /internal/attendance-analysis/mlp/feedback [request-id: 9E4BB012-352A-44A9-A4C3-D8A453CEEC46]
[ INFO ] POST /internal/attendance-analysis/mlp/feedback [request-id: 8C67493B-5A7D-4076-8050-820870D483F5]
[ INFO ] POST /internal/attendance-analysis/mlp/feedback [request-id: B409D620-1035-4A34-A378-021D251AA433]
[ INFO ] POST /internal/attendance-analysis/mlp/feedback [request-id: 3C7A4257-8531-4D11-A853-1A7BE85CB258]
[ INFO ] POST /internal/attendance-analysis/mlp/feedback [request-id: 040212E2-A58A-4890-B443-8128334299F6]
[ INFO ] POST /internal/attendance-analysis/mlp/feedback [request-id: 1A47EA9A-CDEA-4A3E-9153-D9B5808AF1F9]
[ INFO ] POST /internal/attendance-analysis/mlp/run [request-id: FAB60E64-87AF-477D-A164-5442E2DEEC00]
[ INFO ] POST /internal/attendance-analysis/mlp/feedback [request-id: 493D70FA-E691-48EF-8E9C-7B28EC6D4BFD]
[ INFO ] POST /internal/attendance-analysis/mlp/feedback [request-id: D5BD8627-71AB-4E4E-B19A-BD7D2925CD34]
[ INFO ] POST /internal/attendance-analysis/mlp/feedback [request-id: 762DA8BE-AFF6-41CC-A68B-9287BD8DB579]
[ INFO ] POST /internal/attendance-analysis/mlp/run [request-id: 73D37371-FF38-4972-B57B-7BA453AC82F6]
[ INFO ] POST /internal/attendance-analysis/mlp/feedback [request-id: 10F196C3-0789-44E7-A7F3-02070870C0E3]
[ INFO ] POST /internal/attendance-analysis/mlp/feedback [request-id: C4388BC8-CE29-489A-9E7B-EA9E87B21FC5]
[ INFO ] POST /internal/attendance-analysis/mlp/feedback [request-id: 79FD5489-FEBE-4891-A2E3-724C6814CC46]
[ INFO ] POST /internal/attendance-analysis/mlp/feedback [request-id: A2D74D99-EF28-4FCA-998F-4896C4459FA1]
[ INFO ] POST /internal/attendance-analysis/mlp/feedback [request-id: B35DC906-DC81-4AFC-A01B-131092D35F77]
[ INFO ] POST /internal/attendance-analysis/mlp/run [request-id: E45299EB-D25B-43EE-AD16-DC140E83B2EA]
[ INFO ] POST /internal/attendance-analysis/mlp/feedback [request-id: 9F7279B6-7ADB-4B61-ABA3-DD096DF5F0D9]
[ INFO ] POST /internal/attendance-analysis/mlp/feedback [request-id: 39B3C8C7-223F-4F2F-A4B9-3BC864BD877E]
[ INFO ] POST /internal/attendance-analysis/mlp/feedback [request-id: 20F031F3-B3A8-4116-8754-2E8FD75E0546]
[ INFO ] POST /internal/attendance-analysis/mlp/run [request-id: C5CA6614-7D44-4DB3-9299-B0ABC16B0E3C]
[ INFO ] POST /internal/attendance-analysis/mlp/feedback [request-id: 87B5CBF0-3C1C-48BC-A1B7-3F3E84396D22]
[ INFO ] POST /internal/attendance-analysis/mlp/feedback [request-id: 0B1FD843-C64C-4D8A-A6DD-82C5C02436F5]
[ INFO ] POST /internal/attendance-analysis/mlp/feedback [request-id: 3AD10A4D-C49C-43E7-AE3F-45435A11FCEF]
[ INFO ] POST /internal/attendance-analysis/mlp/feedback [request-id: 3630EFBD-9941-46C4-9B79-5C9AD738118E]
[ INFO ] POST /internal/attendance-analysis/mlp/feedback [request-id: 9EF51736-CF25-42CF-BA49-3D3D48A8F8FE]
[ INFO ] POST /internal/attendance-analysis/mlp/feedback [request-id: 670DA54D-0A49-4BE2-A8D3-6DCE8D1D81CA]
[ INFO ] POST /internal/attendance-analysis/mlp/run [request-id: 536ACFB0-B0B5-4EAF-AF41-F2BA4A020552]
[ INFO ] POST /internal/attendance-analysis/mlp/feedback [request-id: B9C3E686-FB74-4491-A5E7-F7E80CCA4032]
[ INFO ] POST /internal/attendance-analysis/mlp/feedback [request-id: CCF792B0-C1BC-4D5A-8F1B-ACD604A28203]
[ INFO ] POST /internal/attendance-analysis/mlp/run [request-id: ED152EFE-5402-41B0-8ED6-FF31296FD139]
[ INFO ] POST /internal/attendance-analysis/mlp/feedback [request-id: 569DF212-EC0C-4EE0-8510-ADB722FF2811]
[ INFO ] POST /internal/attendance-analysis/mlp/feedback [request-id: 9B7E3A26-DD11-415F-9B71-D84CF6066FCE]
[ INFO ] POST /internal/attendance-analysis/mlp/feedback [request-id: 131E14F0-72DA-4622-8376-6D46D2F4328B]
[ INFO ] POST /internal/attendance-analysis/mlp/feedback [request-id: 2B4A4792-E495-494D-AAAC-83639E006C6B]
[ INFO ] POST /internal/attendance-analysis/mlp/feedback [request-id: 05210EBA-D87E-4F84-A4A5-6B57C8058605]
[ INFO ] POST /internal/attendance-analysis/mlp/feedback [request-id: C22F9CB0-AFF9-44F8-AF48-2A87683E3C20]
[ INFO ] POST /internal/attendance-analysis/mlp/run [request-id: E1B898DE-77CB-4866-A5E0-A0105F6B5E32]
[ INFO ] POST /internal/attendance-analysis/mlp/feedback [request-id: B916DDAE-7F04-4450-AC83-FB556503BB2D]
[ INFO ] POST /internal/attendance-analysis/mlp/feedback [request-id: E64D2573-9465-4F4D-A64B-D5C7561CD1AA]
[ INFO ] POST /internal/attendance-analysis/mlp/feedback [request-id: 753D5B90-C034-4760-8905-6CCA50469479]
[ INFO ] POST /internal/attendance-analysis/mlp/feedback [request-id: 05C9B9B8-2732-4A22-9901-1B601AD57963]
[ INFO ] POST /internal/attendance-analysis/mlp/feedback [request-id: 2DF32F6D-6B72-48CE-8162-CD0253752CA9]
[ INFO ] POST /internal/attendance-analysis/mlp/feedback [request-id: C08E49B4-7F04-4228-B91F-9B09585C1BB3]
[ INFO ] POST /internal/attendance-analysis/mlp/feedback [request-id: ABB17164-B640-43FE-B78B-D202C1B63914]
[ INFO ] POST /internal/attendance-analysis/mlp/run [request-id: 7C3F9E80-1CDE-4148-B821-391C5CEC4EFB]
[ INFO ] POST /internal/attendance-analysis/mlp/feedback [request-id: 844EC171-B51C-45C1-B848-AA38FDC76368]
[ INFO ] POST /internal/attendance-analysis/mlp/feedback [request-id: 3CC9C6A5-02E2-45AF-A3C2-563C56C25EB5]
[ INFO ] POST /internal/attendance-analysis/mlp/run [request-id: C5A765F8-4495-4976-B05E-D6D80E3CA0AF]
[ INFO ] POST /internal/attendance-analysis/mlp/feedback [request-id: 5EC4B11E-3BBC-43E8-95EB-8463E0DD173C]
[ INFO ] POST /internal/attendance-analysis/mlp/feedback [request-id: 1246A5CE-37FB-429B-8AAD-DC5C91BD02CD]
[ INFO ] POST /internal/attendance-analysis/mlp/feedback [request-id: DA3257BE-B13F-48CD-B1D7-22FA68937B60]
[ INFO ] POST /internal/attendance-analysis/mlp/feedback [request-id: 9A40A42E-C8B8-4149-9733-C3A12F07974D]
[ INFO ] POST /internal/attendance-analysis/mlp/feedback [request-id: F510A69A-4449-4890-8D89-393E2B548A69]
[ INFO ] POST /internal/attendance-analysis/mlp/run [request-id: 00FB221A-E0C1-4ECC-A10F-9C23D06AFC30]
[ INFO ] POST /internal/attendance-analysis/mlp/feedback [request-id: 9EC6670F-DA3F-49E9-B953-8C736ABC1AA7]
[ INFO ] POST /internal/attendance-analysis/mlp/feedback [request-id: 71740FCD-4DA8-4686-93C9-3C769DB0527E]
[ INFO ] POST /internal/attendance-analysis/mlp/feedback [request-id: 0558AC78-BA98-49AF-A6D3-9572E03E8BA1]
[ INFO ] POST /internal/attendance-analysis/mlp/run [request-id: 9EE81C8B-7C0C-4731-97CC-AFD8EA10A4FB]
[ INFO ] POST /internal/attendance-analysis/mlp/feedback [request-id: E1D58F5B-859D-44CB-959F-242F454071D7]
[ INFO ] POST /internal/attendance-analysis/mlp/feedback [request-id: ABC6CDC9-4C15-4427-ABDC-112721984C44]
[ INFO ] POST /internal/attendance-analysis/mlp/feedback [request-id: 390574EC-F222-4A3F-918A-AC57D25A898D]
[ INFO ] POST /internal/attendance-analysis/mlp/feedback [request-id: 00DD40C2-9E36-4A10-802B-D65A41FC5462]
[ INFO ] POST /internal/attendance-analysis/mlp/feedback [request-id: C62E75C5-6979-4085-93DB-9AF227DB30C7]
[ INFO ] POST /internal/attendance-analysis/mlp/run [request-id: 1CEDD7F2-9CF1-4531-988A-6F8644DE4783]
[ INFO ] POST /internal/attendance-analysis/mlp/feedback [request-id: DC3EFCBD-DEED-45E9-94D9-437955F889EE]
[ INFO ] POST /internal/attendance-analysis/mlp/feedback [request-id: F69C8488-B2CE-405C-9D51-F189A7BDEAA5]
[ INFO ] POST /internal/attendance-analysis/mlp/feedback [request-id: 49E6BB7E-AAF4-4184-B422-4DD75A8E3E8F]
[ INFO ] POST /internal/attendance-analysis/mlp/run [request-id: BF9C6AD6-44B3-40A4-8C9D-574CD2ED43CE]
[ INFO ] POST /internal/attendance-analysis/mlp/feedback [request-id: 90B1A6C3-AE44-4109-BD1E-858183437CAA]
[ INFO ] POST /internal/attendance-analysis/mlp/feedback [request-id: 362ACB4A-B2F9-48B8-A1A7-B09A52533643]
[ INFO ] POST /internal/attendance-analysis/mlp/feedback [request-id: 3BF5A6FC-6BF7-41F0-801F-2EF5E9BB51E2]
[ INFO ] POST /internal/attendance-analysis/mlp/feedback [request-id: 27909658-EA62-4814-9A48-BDC7DE22D16F]
[ INFO ] POST /internal/attendance-analysis/mlp/feedback [request-id: 8BBFBE17-09F7-4F16-BA9E-72FD75634B45]
[ INFO ] POST /internal/attendance-analysis/mlp/feedback [request-id: D037CFCA-CED9-469F-B653-1E362F7F6EDB]
[ INFO ] POST /internal/attendance-analysis/mlp/run [request-id: FEEFD163-04F2-46E9-BE35-F842FE526DF0]
[ INFO ] POST /internal/attendance-analysis/mlp/feedback [request-id: A154C06F-1B25-431D-9178-AB1CD64521A6]
[ INFO ] POST /internal/attendance-analysis/mlp/feedback [request-id: AF2723C3-2AA9-4E7B-874D-13D0756C80D0]
[ INFO ] POST /internal/attendance-analysis/mlp/feedback [request-id: ED52EB68-9B11-4405-9F4E-FD7C518CA614]
[ INFO ] POST /internal/attendance-analysis/mlp/feedback [request-id: 24992DE4-1EE6-4C7E-9DD3-4369FFC46CB6]
[ INFO ] POST /internal/attendance-analysis/mlp/feedback [request-id: 7275D225-42C5-49E5-B9F7-761C5AB9C60C]
[ INFO ] POST /internal/attendance-analysis/mlp/feedback [request-id: 0CE271CA-6794-4C72-AECF-730B1741ABB2]
[ INFO ] POST /internal/attendance-analysis/mlp/feedback [request-id: 15D62400-ADDD-4CF6-99FB-DFF008A56C08]
[ INFO ] POST /internal/attendance-analysis/mlp/run [request-id: 85048B0F-4FD5-435D-BE4C-F528DFB5BEE8]
[ INFO ] POST /internal/attendance-analysis/mlp/feedback [request-id: 5656E933-0B99-4D91-A548-6D094B653135]
[ INFO ] POST /internal/attendance-analysis/mlp/feedback [request-id: 1A9CEF7A-36F7-450E-8FA6-8E6C53939984]
[ INFO ] POST /internal/attendance-analysis/mlp/feedback [request-id: E1E4CADC-2443-4A9C-8BCB-0350E56EF335]
[ INFO ] POST /internal/attendance-analysis/mlp/feedback [request-id: 2993C085-349A-43B8-A9F1-ADB6170A9800]
[ INFO ] POST /internal/attendance-analysis/mlp/feedback [request-id: 8CE01F13-E1EC-4F71-8102-9D1DD831288D]
[ INFO ] POST /internal/attendance-analysis/mlp/feedback [request-id: F91C6B91-CF2F-43F0-8B47-82D6B00BA282]
[ INFO ] POST /internal/attendance-analysis/mlp/feedback [request-id: 18478045-AD5C-44C4-8B1D-3C096F92A5D7]
[ INFO ] POST /internal/attendance-analysis/mlp/run [request-id: 9121028F-3905-4877-9E5C-FA206353755C]
[ INFO ] POST /internal/attendance-analysis/mlp/feedback [request-id: 99E567CD-0848-4073-908E-7BBB32FCD723]
[ INFO ] POST /internal/attendance-analysis/mlp/feedback [request-id: EAA82338-82DA-43F3-A475-08D66E69E523]
[ INFO ] POST /internal/attendance-analysis/mlp/feedback [request-id: 01EB75EA-A62D-49E2-8B0C-4DA749A13154]
[ INFO ] POST /internal/attendance-analysis/mlp/feedback [request-id: D78DE78A-49F9-4471-B5AD-E61992933E44]
[ INFO ] POST /internal/attendance-analysis/mlp/feedback [request-id: F7B41C32-27A9-4E51-9B3D-FD57030AD8AD]
[ INFO ] POST /internal/attendance-analysis/mlp/feedback [request-id: B6AF2F24-C514-445C-9F4E-C6ADE8CA6B38]
[ INFO ] POST /internal/attendance-analysis/mlp/feedback [request-id: 75D54CE5-39C7-43C1-9DDD-3B484BE5F75C]
[ INFO ] POST /internal/attendance-analysis/mlp/feedback [request-id: F0B719BE-A29A-445F-8B6C-BA98CB115ADE]
[ INFO ] POST /internal/attendance-analysis/mlp/feedback [request-id: BAC2F254-09F3-4A2C-8F8F-72E1AEBE74D3]
[ INFO ] POST /internal/attendance-analysis/mlp/run [request-id: F27F40B4-DEDA-4DFC-940D-95F787A54ABC]
[ INFO ] POST /internal/attendance-analysis/mlp/feedback [request-id: 25719830-65AA-4A61-99CA-133D9F24867F]
[ INFO ] POST /internal/attendance-analysis/mlp/feedback [request-id: D05B6800-D0BF-410A-BBCE-837F8820AEB8]
[ INFO ] POST /internal/attendance-analysis/mlp/feedback [request-id: D1459358-39D3-4020-8DD3-52F20E6716AA]
[ INFO ] POST /internal/attendance-analysis/mlp/feedback [request-id: CF5F9898-DDF6-4AA5-9F20-08CC94DDC6A2]
[ INFO ] POST /internal/attendance-analysis/mlp/feedback [request-id: 581E5DD2-7835-484A-8083-3DA6E5E0E7EF]
[ INFO ] POST /internal/attendance-analysis/mlp/feedback [request-id: 084750BF-ABF5-495C-9E07-B1C89B8B5DFC]
[ INFO ] POST /internal/attendance-analysis/mlp/feedback [request-id: B358CB7D-55FE-4D81-B1D9-0F15AE474431]
[ INFO ] POST /internal/attendance-analysis/mlp/run [request-id: 65907276-44A5-4DA0-A29B-B6BD7FB62464]
[ INFO ] POST /internal/attendance-analysis/mlp/feedback [request-id: DB2D22E5-B71F-45CB-A280-0D6483FC7D1D]
[ INFO ] POST /internal/attendance-analysis/mlp/feedback [request-id: 9CDE974C-3F6B-4854-858A-9090159C9EC3]
[ INFO ] POST /internal/attendance-analysis/mlp/run [request-id: 2B0F4149-6E52-402C-B728-67B5475EB48C]
[ INFO ] POST /internal/attendance-analysis/mlp/feedback [request-id: C1F811E5-39F5-40E5-B274-07990EC98C04]
[ INFO ] POST /internal/attendance-analysis/mlp/feedback [request-id: 72964E32-F5DC-46EE-A712-C727A13F07FF]
[ INFO ] POST /internal/attendance-analysis/mlp/feedback [request-id: C7DBA328-8333-4A16-9E47-9465E16997AF]
[ INFO ] POST /internal/attendance-analysis/mlp/feedback [request-id: ABF32791-C3B4-481F-91EB-92BEDED16E88]
[ INFO ] POST /internal/attendance-analysis/mlp/feedback [request-id: 88046055-C7A4-4ADC-BB50-4F5E41CBFC27]
[ INFO ] POST /internal/attendance-analysis/mlp/feedback [request-id: E752FF09-B4D1-4353-96E2-0B3B44457BD4]
[ INFO ] POST /internal/attendance-analysis/mlp/feedback [request-id: 23ACA37B-F258-4434-80FA-E3EAA12332B9]
[ INFO ] POST /internal/attendance-analysis/mlp/run [request-id: 0182FED8-E66F-4920-B1AF-9A855CB88782]
[ INFO ] POST /internal/attendance-analysis/mlp/feedback [request-id: 0F74D36E-AFCA-4576-9918-341C8BA48501]
[ INFO ] POST /internal/attendance-analysis/mlp/feedback [request-id: ACEC8418-44C9-469A-AD77-3D90D847FC75]
[ INFO ] POST /internal/attendance-analysis/mlp/feedback [request-id: D622C417-1F0E-4666-AF53-E99C9BF972AF]
[ INFO ] POST /internal/attendance-analysis/mlp/feedback [request-id: A170B4FF-B788-47DA-9206-B0DACD993334]
[ INFO ] POST /internal/attendance-analysis/mlp/feedback [request-id: CDB296BD-629C-41E0-8858-6B35EBB6862A]
[ INFO ] POST /internal/attendance-analysis/mlp/feedback [request-id: 7C3A6B8C-54A0-4FA8-B55A-39BDFCAC5893]
[ INFO ] POST /internal/attendance-analysis/mlp/feedback [request-id: B3361A6E-76DE-411C-BBCB-54F2382629A7]
[ INFO ] POST /internal/attendance-analysis/mlp/feedback [request-id: B6998EAA-1187-4B28-9E5F-E56A663A095B]
[ INFO ] POST /internal/attendance-analysis/mlp/run [request-id: 80F171A4-55A6-4A71-9102-803E7488B2F0]
[ INFO ] POST /internal/attendance-analysis/mlp/run [request-id: E23E6EC0-8CA0-4B6E-8EC9-23348DE41F39]
[ INFO ] POST /internal/attendance-analysis/mlp/run [request-id: E340FCA3-DDC5-4EBC-8312-24D0BAAA26C1]
[ INFO ] POST /internal/attendance-analysis/mlp/feedback [request-id: EFCC1815-455E-4A55-BD00-77A0E5C1E0E7]
[ INFO ] POST /internal/attendance-analysis/mlp/feedback [request-id: 123DBE68-38A9-436A-B852-6C4D7A1E2915]
[ INFO ] POST /internal/attendance-analysis/mlp/feedback [request-id: B9823CB8-DC60-4E2B-8B83-F22FCC74BAD4]
[ INFO ] POST /internal/attendance-analysis/mlp/feedback [request-id: 53275785-3EA0-4F20-9A2E-B201C8F4C94B]
[ INFO ] POST /internal/attendance-analysis/mlp/feedback [request-id: F7A19314-8161-4C8B-9163-B466325E62F1]
[ INFO ] POST /internal/attendance-analysis/mlp/feedback [request-id: ECE7685C-36CF-4450-AF29-F8DA32BA8405]
[ INFO ] POST /internal/attendance-analysis/mlp/run [request-id: 50DC4A66-B367-477C-B192-A2771A1B3556]
[ INFO ] POST /internal/attendance-analysis/mlp/feedback [request-id: 914D59A6-FDC2-4BF3-A4A8-2AC414CFAE62]
[ INFO ] POST /internal/attendance-analysis/mlp/feedback [request-id: A8B3E8D4-F20B-4AA6-8154-4B6C0B3BA34B]
[ INFO ] POST /internal/attendance-analysis/mlp/run [request-id: A6B924F6-4CBB-48B4-821A-59286536F0E2]
[ INFO ] POST /internal/attendance-analysis/mlp/run [request-id: 3623A0B9-8215-462A-B12A-32E0049C3502]
[ INFO ] POST /internal/attendance-analysis/mlp/feedback [request-id: 31C3433C-C0B7-4916-993F-1E2C6ACB5354]
[ INFO ] POST /internal/attendance-analysis/mlp/feedback [request-id: BD76ECA7-BBA5-4B9F-9C04-F9485F949ABF]
[ INFO ] POST /internal/attendance-analysis/mlp/feedback [request-id: C0A1F512-5177-428A-A748-F2A0585A22B2]
[ INFO ] POST /internal/attendance-analysis/mlp/feedback [request-id: 9D1BA8AD-8A7E-4718-AF3D-4D9333DEC59A]
[ INFO ] POST /internal/attendance-analysis/mlp/feedback [request-id: 20BC0E76-41DA-4212-B813-7D8BBE1B77A8]
[ INFO ] POST /internal/attendance-analysis/mlp/feedback [request-id: CE27A0BF-C36B-48E6-93EE-2A06C7CDAA9D]
[ INFO ] POST /internal/attendance-analysis/mlp/feedback [request-id: 1E4EF842-94E9-4AB5-A2CD-C3B48EEA5B43]
[ INFO ] POST /internal/attendance-analysis/mlp/run [request-id: AF312A00-342E-4656-91E1-531DC196876B]
[ INFO ] POST /internal/attendance-analysis/mlp/feedback [request-id: D307C7B4-70CB-470E-9F81-9CFDBA0C8BD4]
[ INFO ] POST /internal/attendance-analysis/mlp/run [request-id: 06AF2422-0D49-45F3-B244-DC93D3467B79]
[ INFO ] POST /internal/attendance-analysis/mlp/feedback [request-id: D080EE18-2720-4EC1-869F-5715AFA50D85]
[ INFO ] POST /internal/attendance-analysis/mlp/feedback [request-id: B5968B99-5B0D-4442-B254-3686F0C3BE34]
[ INFO ] POST /internal/attendance-analysis/mlp/feedback [request-id: 91B27974-5C1D-4DA1-B7E4-61418B55F6C0]
[ INFO ] POST /internal/attendance-analysis/mlp/feedback [request-id: 09413919-241A-4B5F-9C13-72A52FCD83D0]
[ INFO ] POST /internal/attendance-analysis/mlp/feedback [request-id: C410EA4E-F01C-4AB1-805F-59F9E7C6F1FE]
[ INFO ] POST /internal/attendance-analysis/mlp/feedback [request-id: 1BAF449A-96C8-42C7-B27D-C7345EF72166]
[ INFO ] POST /internal/attendance-analysis/mlp/feedback [request-id: D545A00F-FC97-459B-8A8D-239CE6C33542]
[ INFO ] POST /internal/attendance-analysis/mlp/feedback [request-id: 51E3D1F7-DFD7-405F-83FB-D4237A9E6B02]
[ INFO ] POST /internal/attendance-analysis/mlp/run [request-id: 15098334-0C24-4A41-990E-E2F902DFBC1E]
[ INFO ] POST /internal/attendance-analysis/mlp/feedback [request-id: 1EF93313-8664-478B-80C1-806B1E4A9B9A]
[ INFO ] POST /internal/attendance-analysis/mlp/feedback [request-id: 5CFAC672-94E3-4C19-97B9-9BE4B27E9F83]
[ INFO ] POST /internal/attendance-analysis/mlp/feedback [request-id: 4C080DB9-BACC-49A3-9EC4-27BA12C1E6D9]
[ INFO ] POST /internal/attendance-analysis/mlp/feedback [request-id: 21B82F87-42B3-49E0-BAA9-0145456500FC]
[ INFO ] POST /internal/attendance-analysis/mlp/feedback [request-id: AA90D74D-C8A4-49A0-9B5A-9770492A4F99]
[ INFO ] POST /internal/attendance-analysis/mlp/feedback [request-id: 85776854-0690-459B-AEF7-3D1E4486075F]
[ INFO ] POST /internal/attendance-analysis/mlp/feedback [request-id: A66B34E2-86C2-4AF7-A464-4CF4A0098D74]
[ INFO ] POST /internal/attendance-analysis/mlp/feedback [request-id: D8D57B8D-52DA-46E4-B107-A38113219E5F]
[ INFO ] POST /internal/attendance-analysis/mlp/feedback [request-id: D0440986-9D1F-42CC-83D2-6A41BCAB3CE1]
[ INFO ] POST /internal/attendance-analysis/mlp/run [request-id: 82480F2B-0713-4CEF-8271-A5B2C27F8348]
[ INFO ] POST /internal/attendance-analysis/mlp/feedback [request-id: 5068DCDF-057F-4242-B752-C371A0E7BB7C]
[ INFO ] POST /internal/attendance-analysis/mlp/feedback [request-id: DB6D2C59-4769-4034-9F64-BBC57523C214]
[ INFO ] POST /internal/attendance-analysis/mlp/feedback [request-id: EEB4F8A4-0481-4E5F-85FC-0D5A24C296C9]
[ INFO ] POST /internal/attendance-analysis/mlp/feedback [request-id: B96331EA-9B08-4D38-AE00-2C2C58F8E0D7]
[ INFO ] POST /internal/attendance-analysis/mlp/feedback [request-id: B3FC28C7-5525-45EF-B7F9-89AE7BBC0E40]
[ INFO ] POST /internal/attendance-analysis/mlp/feedback [request-id: 35BADDF7-1694-47DB-A49F-96277B1C820A]
[ INFO ] POST /internal/attendance-analysis/mlp/feedback [request-id: 0C5431AA-F220-47D8-9D69-5C0267958DAB]
[ INFO ] POST /internal/attendance-analysis/mlp/feedback [request-id: C73BB27B-50FE-4047-A659-4AD892EC1BDA]
[ INFO ] POST /internal/attendance-analysis/mlp/feedback [request-id: 28B7C0A8-18AE-4AC0-82FB-82E401C888CF]
[ INFO ] POST /internal/attendance-analysis/mlp/feedback [request-id: FA69D65A-D737-4EC0-BC32-C7DB77883B49]
[ INFO ] POST /internal/attendance-analysis/mlp/feedback [request-id: FE954AC2-9DEA-41F5-B51D-8E6F0ABEC0DC]
[ INFO ] POST /internal/attendance-analysis/mlp/feedback [request-id: 85441F8C-A5C3-4316-9579-E0C0C4787027]
[ INFO ] POST /internal/attendance-analysis/mlp/feedback [request-id: CB8D0820-AE48-4D72-AAC4-AF31054EDA24]
[ INFO ] POST /internal/attendance-analysis/mlp/feedback [request-id: 7262FE9B-4AB4-4997-B291-F67C7AF44547]
[ INFO ] POST /internal/attendance-analysis/mlp/feedback [request-id: 504FDBBD-0BD5-48E0-9D19-5E1881EB7D9F]
[ INFO ] POST /internal/attendance-analysis/mlp/feedback [request-id: 31CDADCA-3D5B-47E8-8849-3690D1DEB604]
[ INFO ] POST /internal/attendance-analysis/mlp/feedback [request-id: 45D5F4AB-C88F-40AD-A44D-8D40D9E54983]
[ INFO ] POST /internal/attendance-analysis/mlp/feedback [request-id: 0D714824-0F4A-4BB5-98DE-B2A1F408BDAD]
[ INFO ] POST /internal/attendance-analysis/mlp/feedback [request-id: A618B8C3-F5B1-4533-AE17-B8B529A42D6A]
[ INFO ] POST /internal/attendance-analysis/mlp/feedback [request-id: B109CB48-9401-44E8-91DF-EF426AC4FA26]
[ INFO ] POST /internal/attendance-analysis/mlp/feedback [request-id: BABDF5E9-0098-4BDA-A2A1-41C8658E497E]
[ INFO ] POST /internal/attendance-analysis/mlp/feedback [request-id: 320BDBB4-5EC2-40F9-BE7F-CF69B4D0CE2B]
[ INFO ] POST /internal/attendance-analysis/mlp/run [request-id: AE74E8F1-96E7-42BB-83D4-74971105CB9C]
[ INFO ] POST /internal/attendance-analysis/mlp/feedback [request-id: 0532D4E7-BDB8-4948-8FCA-2F5E0A604958]
[ INFO ] POST /internal/attendance-analysis/mlp/feedback [request-id: BB0F17EB-253F-42EE-BAC3-C58FAC3D8658]
[ INFO ] POST /internal/attendance-analysis/mlp/feedback [request-id: 5A5F3343-4E31-4FD0-9E35-373B2DFE3314]
[ INFO ] POST /internal/attendance-analysis/mlp/feedback [request-id: 6947EBB5-7401-4DA6-B0C4-19F7A1CC83E2]
[ INFO ] POST /internal/attendance-analysis/mlp/feedback [request-id: 4308BC5A-AB8A-47F3-B3C4-A5FB3191A188]
[ INFO ] POST /internal/attendance-analysis/mlp/feedback [request-id: 0611FA27-EF2D-42C9-9040-3314C5D82655]
[ INFO ] POST /internal/attendance-analysis/mlp/feedback [request-id: 3215105F-9BE7-41C8-8E58-7D439BC7D21A]
[ INFO ] POST /internal/attendance-analysis/mlp/feedback [request-id: 1673A020-4EFD-4AB9-87F7-E72926B5A7DC]
[ INFO ] POST /internal/attendance-analysis/mlp/feedback [request-id: 21AA609A-C55C-4B8C-B8D4-22C9A15B5CC6]
[ INFO ] POST /internal/attendance-analysis/mlp/feedback [request-id: B919CC2D-42FF-4FD8-B9DB-B31FBDCD2F7F]
[ INFO ] POST /internal/attendance-analysis/mlp/feedback [request-id: 359C5CC7-DC1A-4E22-A69E-B42DA39D27FE]
[ INFO ] POST /internal/attendance-analysis/mlp/feedback [request-id: 7E0E0A82-EFC8-4759-9455-6F7CE4C94004]
[ INFO ] POST /internal/attendance-analysis/mlp/feedback [request-id: 8A17A257-91FB-47BB-A6E8-0D1277634FA9]
[ INFO ] POST /internal/attendance-analysis/mlp/feedback [request-id: 2C4F93CF-102D-4784-A01F-8BA13C69A14F]
[ INFO ] POST /internal/attendance-analysis/mlp/feedback [request-id: 6807F3DF-3E4B-4A4B-89DE-D775AAC51A47]
[ INFO ] POST /internal/attendance-analysis/mlp/feedback [request-id: 561AD655-BE60-40D7-A062-279A170D72C5]
[ INFO ] POST /internal/attendance-analysis/mlp/feedback [request-id: 75B4B89E-B028-4DF0-A97C-C3C79D8158B2]
[ INFO ] POST /internal/attendance-analysis/mlp/feedback [request-id: 611B3D24-2FA1-428C-8210-44BC723EA09B]
[ INFO ] POST /internal/attendance-analysis/mlp/feedback [request-id: 0D8C5DF9-7EDC-4104-9D16-9A83964201D9]
[ INFO ] POST /internal/attendance-analysis/mlp/feedback [request-id: 85C58767-2154-4231-AF8D-14C6E421A1F2]
[ INFO ] POST /internal/attendance-analysis/mlp/feedback [request-id: C279654C-BBA6-451F-A722-8BD3FCF5D305]
[ INFO ] POST /internal/attendance-analysis/mlp/feedback [request-id: 530D9C58-ACAF-40E6-BC57-6E4A3D911321]
[ INFO ] POST /internal/attendance-analysis/mlp/feedback [request-id: ABC073A1-6920-498E-9D8F-F92A8601266D]
[ INFO ] POST /internal/attendance-analysis/mlp/run [request-id: C5AA5282-750F-464A-9D12-828A47965395]
[ INFO ] POST /internal/attendance-analysis/mlp/feedback [request-id: 2540ECDE-9F48-4E5A-8E2B-820EB03E07F7]
[ INFO ] POST /internal/attendance-analysis/mlp/feedback [request-id: 584B7082-3BAE-4CA1-922A-A62364A8725A]
[ INFO ] POST /internal/attendance-analysis/mlp/feedback [request-id: 99A0AAB3-8427-47C9-B787-429584533F2D]
[ INFO ] POST /internal/attendance-analysis/mlp/feedback [request-id: FC3EDE57-0F02-4FF0-87B2-528C2269942D]
[ INFO ] POST /internal/attendance-analysis/mlp/feedback [request-id: 3AE94388-9416-4509-8EC7-0341BA4EAE47]
[ INFO ] POST /internal/attendance-analysis/mlp/feedback [request-id: 43EB6545-E08D-4DCB-B5B5-75A254154C20]
[ INFO ] POST /internal/attendance-analysis/mlp/feedback [request-id: F509F550-2531-4C73-9B2F-EEC138B7EAC0]
[ INFO ] POST /internal/attendance-analysis/mlp/feedback [request-id: 62235D2D-C6B8-410B-A7E0-9D1CAC445386]
[ INFO ] POST /internal/attendance-analysis/mlp/feedback [request-id: 30C7281D-C090-46EB-8B1A-E0B5BDCDF840]
[ INFO ] POST /internal/attendance-analysis/mlp/feedback [request-id: BB13C723-805F-4FBD-9BE3-D02ED2E19C17]
[ INFO ] POST /internal/attendance-analysis/mlp/feedback [request-id: 7729108D-65C0-4EB1-A114-07574D42EE5C]
[ INFO ] POST /internal/attendance-analysis/mlp/feedback [request-id: ACAFF49D-1D91-4409-B871-9736CB0D372C]
[ INFO ] POST /internal/attendance-analysis/mlp/feedback [request-id: B814B093-3A6C-42E9-A0C5-F6D2B18B506A]
[ INFO ] POST /internal/attendance-analysis/mlp/feedback [request-id: AF0AAB25-EC26-4F41-B882-C1CF43284542]
[ INFO ] POST /internal/attendance-analysis/mlp/feedback [request-id: 955F8377-89EF-4433-A106-DA854A9563FE]
[ INFO ] POST /internal/attendance-analysis/mlp/feedback [request-id: C174BBEA-E077-473D-B48D-3619748C6CD3]
[ INFO ] POST /internal/attendance-analysis/mlp/feedback [request-id: 07A82A70-07E3-4C21-A3F1-AF8DE5C1EB8C]
[ INFO ] POST /internal/attendance-analysis/mlp/feedback [request-id: 3E7B55D4-4BFE-44CA-9D07-8A69C5F2F17E]
[ INFO ] POST /internal/attendance-analysis/mlp/feedback [request-id: 161AA64D-4425-4763-98C4-474B4A9326A5]
[ INFO ] POST /internal/attendance-analysis/mlp/feedback [request-id: 11C09A66-96D0-4D9B-A778-40571537AA25]
[ INFO ] POST /internal/attendance-analysis/mlp/feedback [request-id: 02B4E08E-C29F-4103-BF5A-450646907FEF]
[ INFO ] POST /internal/attendance-analysis/mlp/feedback [request-id: 9286AF02-2398-4F3C-A914-511964D9D4F5]
[ INFO ] POST /internal/attendance-analysis/mlp/feedback [request-id: 8C334065-4563-48E1-A390-35A5A12169BF]
[ INFO ] POST /internal/attendance-analysis/mlp/run [request-id: 776EDF17-64DE-4BD8-B4B5-D6F406029FF4]
[ INFO ] POST /internal/attendance-analysis/mlp/feedback [request-id: 1CC94A3C-53B4-4220-94CA-FDFEF6E09AF4]
[ INFO ] POST /internal/attendance-analysis/mlp/feedback [request-id: 06C88157-2D54-4D61-9C3D-9B3BB4B50ED0]
[ INFO ] POST /internal/attendance-analysis/mlp/feedback [request-id: 8A3872BD-F034-4DA2-9D49-51807DDD7F43]
[ INFO ] POST /internal/attendance-analysis/mlp/feedback [request-id: 7070C507-1D2A-40BA-A066-5AA789A6CF44]
[ INFO ] POST /internal/attendance-analysis/mlp/feedback [request-id: CB2EBCC9-84AB-4FFE-A108-F4F0DFCB117A]
[ INFO ] POST /internal/attendance-analysis/mlp/feedback [request-id: 54A69C3E-5B5C-422A-90A8-36F9B9ED21F1]
[ INFO ] POST /internal/attendance-analysis/mlp/feedback [request-id: 6A94CDCE-3C47-4BD6-BFF6-0DB025C9874A]
[ INFO ] POST /internal/attendance-analysis/mlp/feedback [request-id: 3B7C6B95-65DD-412C-9632-42D95384F03F]
[ INFO ] POST /internal/attendance-analysis/mlp/feedback [request-id: 22C1BCF6-E396-4760-8138-3569DD68B03A]
[ INFO ] POST /internal/attendance-analysis/mlp/feedback [request-id: 4DE209EC-7411-4031-8AE7-425497D9CC4A]
[ INFO ] POST /internal/attendance-analysis/mlp/feedback [request-id: 87F3362A-70BF-42F7-A298-0103B42303C0]
[ INFO ] POST /internal/attendance-analysis/mlp/feedback [request-id: DE3D07CF-0532-435B-8244-F835D6BD92A5]
[ INFO ] POST /internal/attendance-analysis/mlp/feedback [request-id: E0139016-55D3-4C35-BBCC-D09C05F6EB5A]
[ INFO ] POST /internal/attendance-analysis/mlp/feedback [request-id: A587EFB0-C4BD-439F-9E9B-6737151CB562]
[ INFO ] POST /internal/attendance-analysis/mlp/feedback [request-id: D509AC66-F7B9-4DF2-9A90-92C975F7B5CA]
[ INFO ] POST /internal/attendance-analysis/mlp/feedback [request-id: 8023ACA9-226E-4148-A2A6-5313A07A41CC]
[ INFO ] POST /internal/attendance-analysis/mlp/feedback [request-id: 63C0FB94-8AD5-463D-BF05-67C37A440C6B]
[ INFO ] POST /internal/attendance-analysis/mlp/feedback [request-id: 8977390D-C30C-4595-8B23-36E99276054B]
[ INFO ] POST /internal/attendance-analysis/mlp/feedback [request-id: 5FF9F27D-9BAB-4D35-8177-AFB3162642D9]
[ INFO ] POST /internal/attendance-analysis/mlp/feedback [request-id: 7BC568ED-F07C-4991-BBEC-FE1F31A0D9BA]
[ INFO ] POST /internal/attendance-analysis/mlp/feedback [request-id: 9238D7AA-63DB-465C-A5A8-FF3D3F820A8E]
[ INFO ] POST /internal/attendance-analysis/mlp/feedback [request-id: 138DE614-1421-4A07-BADA-8E857ACBF94E]
[ INFO ] POST /internal/attendance-analysis/mlp/run [request-id: 48878339-D6CB-4E57-890D-6916FF0E3540]
[ INFO ] POST /internal/attendance-analysis/mlp/feedback [request-id: 81582FC4-8AD7-4E77-A19E-2A9C1271A385]
[ INFO ] POST /internal/attendance-analysis/mlp/feedback [request-id: DFA6F004-5A25-4824-B876-99F12C6F914E]
[ INFO ] POST /internal/attendance-analysis/mlp/feedback [request-id: C0720D24-C462-4198-BBCF-5888AF8FC24E]
[ INFO ] POST /internal/attendance-analysis/mlp/feedback [request-id: D99A25A7-2885-4CF1-8033-4402FC98F3E2]
[ INFO ] POST /internal/attendance-analysis/mlp/feedback [request-id: C74A96FA-75FF-4D14-8A03-366E4CEB34AD]
[ INFO ] POST /internal/attendance-analysis/mlp/feedback [request-id: A8B4E2B7-62AE-403F-BDE0-81D723A052E1]
[ INFO ] POST /internal/attendance-analysis/mlp/feedback [request-id: CA73E280-0183-43DB-AFD9-876772785887]
[ INFO ] POST /internal/attendance-analysis/mlp/feedback [request-id: 1EA99740-D80A-48AA-A1D4-1F062AA8CFD8]
[ INFO ] POST /internal/attendance-analysis/mlp/feedback [request-id: AC05FB70-6D3F-4361-B4D9-D20F1E037202]
[ INFO ] POST /internal/attendance-analysis/mlp/feedback [request-id: 29CC036A-5E5F-4AB1-8251-2C7DE9E95CC2]
[ INFO ] POST /internal/attendance-analysis/mlp/feedback [request-id: CEF182A3-DD82-4672-9F11-3A9831E05BA0]
[ INFO ] POST /internal/attendance-analysis/mlp/feedback [request-id: F98CD5E7-1B4F-4D6C-AC74-54E745C81E7F]
[ INFO ] POST /internal/attendance-analysis/mlp/feedback [request-id: 28938ADD-BFF6-4FB5-9650-F4A524308F66]
[ INFO ] POST /internal/attendance-analysis/mlp/feedback [request-id: B7823AB4-429F-4478-9F38-9D4B36550DC5]
[ INFO ] POST /internal/attendance-analysis/mlp/feedback [request-id: E1EB7F90-9BC1-4DB1-8D3E-CAC59335BCC9]
[ INFO ] POST /internal/attendance-analysis/mlp/feedback [request-id: AD307028-DDF9-4E91-9498-D4B915323486]
[ INFO ] POST /internal/attendance-analysis/mlp/feedback [request-id: 27F2B1AF-7622-4BE7-AFE6-1C91B867FEFC]
[ INFO ] POST /internal/attendance-analysis/mlp/run [request-id: C03516F8-E94E-4F6D-A477-FFA90CED117C]
[ INFO ] POST /internal/attendance-analysis/mlp/feedback [request-id: E8D32BAD-43C1-4B50-B487-34E1FAF4AA60]
[ INFO ] POST /internal/attendance-analysis/mlp/feedback [request-id: 6B670FAC-9868-43AE-BD96-2BFB9D8EE7E5]
[ INFO ] POST /internal/attendance-analysis/mlp/feedback [request-id: C50E93BB-89DE-4FC7-99FA-B86C961F134E]
[ INFO ] POST /internal/attendance-analysis/mlp/feedback [request-id: 4E6DFAD3-AB97-475E-B9AD-A04D3CCCC54C]
[ INFO ] POST /internal/attendance-analysis/mlp/feedback [request-id: 2D6D9159-9E4C-4312-8A17-8AEF4903FD34]
[ INFO ] POST /internal/attendance-analysis/mlp/feedback [request-id: 87B5259A-B1AF-40B1-89AB-A756D6E7D5DD]
[ INFO ] POST /internal/attendance-analysis/mlp/feedback [request-id: A87284DE-B4D1-4DEF-AF08-392255D23BB4]
[ INFO ] POST /internal/attendance-analysis/mlp/feedback [request-id: A21FF37C-F7C3-45C3-8F57-23225E4E4228]
[ INFO ] POST /internal/attendance-analysis/mlp/feedback [request-id: 166F959D-15B3-4EEA-BF79-6F9F81B7AB4E]
[ INFO ] POST /internal/attendance-analysis/mlp/feedback [request-id: 0AC296A4-E1BA-4E95-A569-6E86FA3B7BF4]
[ INFO ] POST /internal/attendance-analysis/mlp/feedback [request-id: 78096EC2-B835-4DAD-8442-F74EE6FDA78D]
[ INFO ] POST /internal/attendance-analysis/mlp/feedback [request-id: 2A3D1E04-A6B3-4F46-9F5A-2C0DB7388F83]
[ INFO ] POST /internal/attendance-analysis/mlp/feedback [request-id: A3409218-8DC1-4BC2-BD47-64B5E178701A]
[ INFO ] POST /internal/attendance-analysis/mlp/feedback [request-id: 0DF44612-FDAF-414B-80A1-29139380E3E4]
[ INFO ] POST /internal/attendance-analysis/mlp/feedback [request-id: 2C34DEAC-9F1D-4E22-B056-7C2973CAD6D9]
[ INFO ] POST /internal/attendance-analysis/mlp/feedback [request-id: 46DB0E24-AD1C-45E7-B371-6A8F273E4F62]
[ INFO ] POST /internal/attendance-analysis/mlp/feedback [request-id: 6D759BCE-0908-415D-AA51-B8E467899B09]
[ INFO ] POST /internal/attendance-analysis/mlp/feedback [request-id: 14FE7667-964A-48D9-8C7A-06C118F8EEFD]
[ INFO ] POST /internal/attendance-analysis/mlp/feedback [request-id: 5F3B8509-27AC-4987-A344-E21784BE0C8D]
[ INFO ] POST /internal/attendance-analysis/mlp/feedback [request-id: 74217562-4397-4A21-98CA-CA2995406A05]
[ INFO ] POST /internal/attendance-analysis/mlp/feedback [request-id: 0F81D40C-F6BC-4CF0-A267-F61F553E2499]
[ INFO ] POST /internal/attendance-analysis/mlp/feedback [request-id: 4BCEC0E2-3E50-4BDA-82C1-06D834C965E5]
[ INFO ] POST /internal/attendance-analysis/mlp/run [request-id: 730686AB-582F-4E6A-B84B-0AB6C281DCDB]
[ INFO ] POST /internal/attendance-analysis/mlp/feedback [request-id: 075452C8-C7DA-47B2-89A3-DDB8F70048B2]
[ INFO ] POST /internal/attendance-analysis/mlp/feedback [request-id: 6963231A-D9D7-4AD2-BD53-584B8857A1E3]
[ INFO ] POST /internal/attendance-analysis/mlp/feedback [request-id: FDF9C3C9-400F-4986-8D75-33DFF8C74AB9]
[ INFO ] POST /internal/attendance-analysis/mlp/feedback [request-id: BE6A4B15-A882-4EE7-BA29-0403000293C7]
[ INFO ] POST /internal/attendance-analysis/mlp/feedback [request-id: 580595C4-290A-4B71-991D-96C88AB56F1E]
[ INFO ] POST /internal/attendance-analysis/mlp/feedback [request-id: B7885814-D11B-4F1C-9DB4-00002A76DBED]
[ INFO ] POST /internal/attendance-analysis/mlp/feedback [request-id: 61935915-F934-4C0D-A70E-A29F656A1BDF]
[ INFO ] POST /internal/attendance-analysis/mlp/feedback [request-id: E0FE047E-4016-4693-9449-98485536CA37]
[ INFO ] POST /internal/attendance-analysis/mlp/feedback [request-id: 53C16439-FEFA-450C-9839-AE87F78D1391]
[ INFO ] POST /internal/attendance-analysis/mlp/feedback [request-id: E9E2973B-D343-4AA7-9699-B434466751CC]
[ INFO ] POST /internal/attendance-analysis/mlp/feedback [request-id: 7AA19C89-4CB1-46BC-ADC3-C91EF4B45267]
[ INFO ] POST /internal/attendance-analysis/mlp/feedback [request-id: 5117C71E-B7CA-4BD4-B296-FDD892518C05]
[ INFO ] POST /internal/attendance-analysis/mlp/feedback [request-id: B9BEAEB2-BF20-4481-B4C7-C972DC78DB06]
[ INFO ] POST /internal/attendance-analysis/mlp/feedback [request-id: A4DFE329-FAC4-4023-8BBA-AC4187F2D677]
[ INFO ] POST /internal/attendance-analysis/mlp/feedback [request-id: CF82805E-72F9-4106-BD97-62CA33021212]
[ INFO ] POST /internal/attendance-analysis/mlp/feedback [request-id: 4F27AAE0-A458-4779-9BA8-BB399179E8DE]
[ INFO ] POST /internal/attendance-analysis/mlp/feedback [request-id: 6932224F-7C43-4A2A-8C97-7FDA27E9BA09]
[ INFO ] POST /internal/attendance-analysis/mlp/feedback [request-id: 85CDF1E9-8F29-4753-AA08-BC132AAF2F19]
[ INFO ] POST /internal/attendance-analysis/mlp/feedback [request-id: 28ACA054-09CD-44AA-9591-DA5BEF3DE9CA]
[ INFO ] POST /internal/attendance-analysis/mlp/feedback [request-id: DAD37E59-FC91-45FB-B98E-33A02991C167]
[ INFO ] POST /internal/attendance-analysis/mlp/feedback [request-id: C1A40EAB-1BC4-44B4-AA5B-EEA1D76C48AF]
[ INFO ] POST /internal/attendance-analysis/mlp/feedback [request-id: E7329BFA-6293-443C-A242-6CD684301F32]
[ INFO ] POST /internal/attendance-analysis/mlp/feedback [request-id: DBD46E6C-8C1F-4630-8DF7-82EFEF449F6A]
[ INFO ] POST /internal/attendance-analysis/mlp/run [request-id: 550FCFE1-BA3F-460B-9BBC-C146B136BFD9]
[ INFO ] POST /internal/attendance-analysis/mlp/feedback [request-id: 1BC2190D-93BF-4596-8639-795ABA83812D]
[ INFO ] POST /internal/attendance-analysis/mlp/feedback [request-id: 897E6F90-0BA4-44B4-BE40-C1058CE6B433]
[ INFO ] POST /internal/attendance-analysis/mlp/feedback [request-id: 1D641C48-54A3-4AAF-912A-D5F7A6485739]
[ INFO ] POST /internal/attendance-analysis/mlp/feedback [request-id: F7D6A8C6-606F-442D-818C-61C7B2F8F444]
[ INFO ] POST /internal/attendance-analysis/mlp/feedback [request-id: 9D7D19A0-0A91-4A32-99D5-A61ED106EAE9]
[ INFO ] POST /internal/attendance-analysis/mlp/feedback [request-id: D562E6B7-9AE6-43D0-8F4C-5DAA666393EC]
[ INFO ] POST /internal/attendance-analysis/mlp/feedback [request-id: 4D7ECABF-A0FF-4C1C-9416-8153A4B5C989]
[ INFO ] POST /internal/attendance-analysis/mlp/feedback [request-id: 071DDA8D-BC06-462C-87EC-1B29926F0E2B]
[ INFO ] POST /internal/attendance-analysis/mlp/feedback [request-id: 3D32FAD9-7DB4-4E0B-9D64-FABEE6C404B3]
[ INFO ] POST /internal/attendance-analysis/mlp/feedback [request-id: C00220C5-2DC4-413F-962B-DAD4FE3EED12]
[ INFO ] POST /internal/attendance-analysis/mlp/feedback [request-id: 28F38FC4-EBAC-47F0-8D6B-54C7E6F66567]
[ INFO ] POST /internal/attendance-analysis/mlp/feedback [request-id: A77EFEF8-1801-42C7-887F-6741D705E30A]
[ INFO ] POST /internal/attendance-analysis/mlp/feedback [request-id: 3BCA995E-0077-4B1D-94F3-D8CF2CBCAC6D]
[ INFO ] POST /internal/attendance-analysis/mlp/feedback [request-id: BBAEC3B3-27A4-4B40-AA7A-9E76A401806D]
[ INFO ] POST /internal/attendance-analysis/mlp/feedback [request-id: F33743A2-2882-4B62-A7C4-AEC71CA1E4C6]
[ INFO ] POST /internal/attendance-analysis/mlp/feedback [request-id: 065B38A8-DD32-4DE2-8339-58CF414874B8]
[ INFO ] POST /internal/attendance-analysis/mlp/feedback [request-id: 1A7CDD4A-5BF0-4F4F-9392-87B72A566E08]
[ INFO ] POST /internal/attendance-analysis/mlp/feedback [request-id: 09AEF751-D1FD-4D92-BBDC-ADF1FC2F1FF4]
[ INFO ] POST /internal/attendance-analysis/mlp/feedback [request-id: 881EBBE2-3729-4FDE-92EC-302642BF6E0B]
[ INFO ] POST /internal/attendance-analysis/mlp/feedback [request-id: 46E197EA-0C4E-4355-AA91-C6F60DCFB905]
[ INFO ] POST /internal/attendance-analysis/mlp/feedback [request-id: FF81840F-8988-4BD6-917E-78BC566DF0F4]
[ INFO ] POST /internal/attendance-analysis/mlp/feedback [request-id: B2A8D26A-457A-41F4-A059-55158BCB54F5]
[ INFO ] POST /internal/attendance-analysis/mlp/feedback [request-id: 3A80C489-3A31-4406-B45D-CCA3E38654BB]
[ INFO ] POST /internal/attendance-analysis/mlp/run [request-id: 95E6CAE2-905E-470C-833E-846C103DAB37]
[ INFO ] POST /internal/attendance-analysis/mlp/feedback [request-id: 351CAED8-4632-4604-8870-5A6FD1B633E3]
[ INFO ] POST /internal/attendance-analysis/mlp/feedback [request-id: 5F5C1C97-A25C-4E83-9221-C0245AA73EFC]
[ INFO ] POST /internal/attendance-analysis/mlp/feedback [request-id: 8A21453F-96AB-4A95-86A8-0CB504C47934]
[ INFO ] POST /internal/attendance-analysis/mlp/feedback [request-id: CD5BF7DE-20A4-474A-A438-492813B38E71]
[ INFO ] POST /internal/attendance-analysis/mlp/feedback [request-id: 98F1A136-145D-4585-9450-D46EC24C874E]
[ INFO ] POST /internal/attendance-analysis/mlp/feedback [request-id: 2FE84D0E-EB33-4776-A581-C0F89ABE5CA6]
[ INFO ] POST /internal/attendance-analysis/mlp/feedback [request-id: DEFEAD7A-B925-4300-B011-1E165259E0D9]
[ INFO ] POST /internal/attendance-analysis/mlp/feedback [request-id: 4A32E490-D33E-4299-966C-FF79F83D1E94]
[ INFO ] POST /internal/attendance-analysis/mlp/feedback [request-id: 64807CA6-45FD-4063-87DB-90C5B17F36EF]
[ INFO ] POST /internal/attendance-analysis/mlp/feedback [request-id: BB3E9E05-5801-454C-A3CC-EDEA0F6230E9]
[ INFO ] POST /internal/attendance-analysis/mlp/feedback [request-id: 7770EAD9-FEDF-4CBB-940B-A45219D7D697]
[ INFO ] POST /internal/attendance-analysis/mlp/feedback [request-id: BB077740-E53F-46FA-B1E5-4CA41360E343]
[ INFO ] POST /internal/attendance-analysis/mlp/feedback [request-id: 90EA1329-D56A-4B66-A7C4-235D6C3898E1]
[ INFO ] POST /internal/attendance-analysis/mlp/feedback [request-id: 4C4C0D39-0F84-4994-AD85-2688EF5B0677]
[ INFO ] POST /internal/attendance-analysis/mlp/feedback [request-id: 2BD59C18-391D-4F60-8362-81BE36607D4D]
[ INFO ] POST /internal/attendance-analysis/mlp/feedback [request-id: 2A0C61B3-B454-483C-8D1A-B30CB2D8CB47]
[ INFO ] POST /internal/attendance-analysis/mlp/feedback [request-id: 0AF3BE19-5266-4B66-8244-685A3CC09B62]
[ INFO ] POST /internal/attendance-analysis/mlp/feedback [request-id: 99C05C47-5FFA-455E-A4E2-7AF8228B5E0E]
[ INFO ] POST /internal/attendance-analysis/mlp/feedback [request-id: 17260404-CB54-4424-8F3F-48B7C58355AB]
[ INFO ] POST /internal/attendance-analysis/mlp/feedback [request-id: C29321A8-2348-4B1B-89E1-B32468BDD720]
[ INFO ] POST /internal/attendance-analysis/mlp/feedback [request-id: EAD4770E-B828-4374-BDA7-0AEE1C6777D6]
[ INFO ] POST /internal/attendance-analysis/mlp/feedback [request-id: 97802120-CEC7-423E-B8D7-BD1C06330AE1]
[ INFO ] POST /internal/attendance-analysis/mlp/run [request-id: 14057986-EC7B-4CFF-86B2-C24B33498B2C]
[ INFO ] POST /internal/attendance-analysis/mlp/feedback [request-id: CF1175BC-89CC-4C90-BBB4-18FE62AE55BA]
[ INFO ] POST /internal/attendance-analysis/mlp/feedback [request-id: C6477BD8-D18F-44E8-9D2B-F71480224314]
[ INFO ] POST /internal/attendance-analysis/mlp/feedback [request-id: 881C07EE-CB45-492F-85F9-3F1A7EDAD09F]
[ INFO ] POST /internal/attendance-analysis/mlp/feedback [request-id: 39EA1276-3629-44E0-A28E-01C8DCD0F21D]
[ INFO ] POST /internal/attendance-analysis/mlp/feedback [request-id: 7DFED0C6-CF98-4FF3-A8EF-1F6BA6631F11]
[ INFO ] POST /internal/attendance-analysis/mlp/feedback [request-id: DA637C93-B70E-4A14-AB6D-CC8351C79191]
[ INFO ] POST /internal/attendance-analysis/mlp/feedback [request-id: EE156B87-A77E-48D0-83E4-8F7AEF029F42]
[ INFO ] POST /internal/attendance-analysis/mlp/feedback [request-id: 6AD8DD0E-1C9A-4501-B898-7BD93761FA1D]
[ INFO ] POST /internal/attendance-analysis/mlp/feedback [request-id: F0147FA8-FEE2-4224-90AA-760168F72B3C]
[ INFO ] POST /internal/attendance-analysis/mlp/feedback [request-id: 8BE64FCD-04B4-4A67-BC59-54D663DFF252]
[ INFO ] POST /internal/attendance-analysis/mlp/feedback [request-id: 30D1DB59-F0C7-4A28-8FE6-8F27FF18442B]
[ INFO ] POST /internal/attendance-analysis/mlp/feedback [request-id: 9B9875C3-A3FC-4313-87AF-68967D90C8DB]
[ INFO ] POST /internal/attendance-analysis/mlp/feedback [request-id: 7E2A45F1-C714-4509-893B-58DC8BE22EF8]
[ INFO ] POST /internal/attendance-analysis/mlp/feedback [request-id: B890FEA7-3F71-4A89-83F5-9200C10B309E]
[ INFO ] POST /internal/attendance-analysis/mlp/feedback [request-id: 62B6A360-2508-4A36-93EF-C6888B9CC350]
[ INFO ] POST /internal/attendance-analysis/mlp/feedback [request-id: 770B5665-F312-486D-A522-8F12D206B132]
[ INFO ] POST /internal/attendance-analysis/mlp/feedback [request-id: 2504C4C7-D46B-474B-960A-BDF1B480A8B8]
[ INFO ] POST /internal/attendance-analysis/mlp/feedback [request-id: 76D051B0-6190-47F2-910C-FC7FA13D7D17]
[ INFO ] POST /internal/attendance-analysis/mlp/feedback [request-id: 5FAE8F2B-169B-4E32-BD05-55BE8D747E11]
[ INFO ] POST /internal/attendance-analysis/mlp/feedback [request-id: 917AB4C9-0464-4E8A-AE97-3044CA8838E3]
[ INFO ] POST /internal/attendance-analysis/mlp/feedback [request-id: 4E7C410B-179F-46B1-9644-E9A526AC1561]
[ INFO ] POST /internal/attendance-analysis/mlp/feedback [request-id: 63D37886-303B-42F8-A381-BBA014B5CB5F]
[ INFO ] POST /internal/attendance-analysis/mlp/run [request-id: 86CCAA1C-A64C-4D2E-929D-36C44D2B58EF]
[ INFO ] POST /internal/attendance-analysis/mlp/feedback [request-id: CEFAABBF-B270-461E-A5EF-534B1F5BA27C]
[ INFO ] POST /internal/attendance-analysis/mlp/feedback [request-id: 4EDF3184-00BF-4EB3-866F-B200AADF58D8]
[ INFO ] POST /internal/attendance-analysis/mlp/feedback [request-id: CCEAA5E7-72E0-46A8-A964-01459EFEF4B6]
[ INFO ] POST /internal/attendance-analysis/mlp/feedback [request-id: A62CD9B1-B8F8-478B-9F88-EE2A2002A90D]
[ INFO ] POST /internal/attendance-analysis/mlp/feedback [request-id: C8AD9D80-2568-4A13-8099-56ED6A7080A0]
[ INFO ] POST /internal/attendance-analysis/mlp/feedback [request-id: 5B706489-6FB8-46FF-A62A-F0F8D3E5CE01]
[ INFO ] POST /internal/attendance-analysis/mlp/feedback [request-id: 0B8907C9-093E-4E0E-A31F-A3D429A35757]
[ INFO ] POST /internal/attendance-analysis/mlp/feedback [request-id: 0F2D8E82-EF28-4566-8D66-11C3F28F83ED]
[ INFO ] POST /internal/attendance-analysis/mlp/feedback [request-id: 65C9C9E8-C949-4A82-AA62-BF817655831D]
[ INFO ] POST /internal/attendance-analysis/mlp/feedback [request-id: A4F26E57-3FD5-46EC-B6E4-029BB64DD468]
[ INFO ] POST /internal/attendance-analysis/mlp/feedback [request-id: 22934A53-F102-403D-BC14-A6153F0E6BC2]
[ INFO ] POST /internal/attendance-analysis/mlp/feedback [request-id: 8666F6BA-E23C-4929-9E8D-9AA2F6060C8C]
[ INFO ] POST /internal/attendance-analysis/mlp/feedback [request-id: F3E14D4B-17D9-41AC-BF77-6F568BF53C02]
[ INFO ] POST /internal/attendance-analysis/mlp/feedback [request-id: FEE762BF-3520-4729-BF6C-0B0B23CB0570]
[ INFO ] POST /internal/attendance-analysis/mlp/feedback [request-id: B2A477FB-A6F6-4273-83C0-991FEB91989D]
[ INFO ] POST /internal/attendance-analysis/mlp/feedback [request-id: E6543741-DE3B-43AA-8611-94E1F44396CE]
[ INFO ] POST /internal/attendance-analysis/mlp/run [request-id: DF705E40-561C-4228-B52F-C168DBE6F50C]
[ INFO ] POST /internal/attendance-analysis/mlp/feedback [request-id: 568045F6-E2BD-49EC-9320-1961CF71B5A7]
[ INFO ] POST /internal/attendance-analysis/mlp/feedback [request-id: F7A7EDBB-3EB1-40BE-853D-1B1C96B0D3EF]
[ INFO ] POST /internal/attendance-analysis/mlp/feedback [request-id: E4C622AE-3963-4758-8CD8-EB54DE1162F0]
[ INFO ] POST /internal/attendance-analysis/mlp/feedback [request-id: 5D2A8718-1A41-4AF2-9A35-652E2800C04D]
[ INFO ] POST /internal/attendance-analysis/mlp/feedback [request-id: 94E58097-D629-4D98-8896-BCF2ACF403FF]
[ INFO ] POST /internal/attendance-analysis/mlp/feedback [request-id: F962110B-E948-44C3-8835-7C47F3FCC037]
[ INFO ] POST /internal/attendance-analysis/mlp/feedback [request-id: 47F9F447-13A9-45C9-B05B-F73A726DA6D6]
[ INFO ] POST /internal/attendance-analysis/mlp/feedback [request-id: 8F1E86E1-7120-4B40-9746-5C02D8C060D7]
[ INFO ] POST /internal/attendance-analysis/mlp/feedback [request-id: 6A8FAFC6-609A-4155-85EF-F8F0F7032B58]
[ INFO ] POST /internal/attendance-analysis/mlp/feedback [request-id: 58051252-7078-4F71-B72A-41BE65B33F63]
[ INFO ] POST /internal/attendance-analysis/mlp/feedback [request-id: E2D902B8-1157-4402-8109-E8AB333CB34E]
[ INFO ] POST /internal/attendance-analysis/mlp/feedback [request-id: 775BBE6D-6FA2-4C52-8AAE-B675225A8CF3]
[ INFO ] POST /internal/attendance-analysis/mlp/feedback [request-id: 627C5F04-9A0D-402B-B43D-05D900F9670C]
[ INFO ] POST /internal/attendance-analysis/mlp/feedback [request-id: 215509A3-40CC-4F0B-98D3-E332F60EE631]
[ INFO ] POST /internal/attendance-analysis/mlp/feedback [request-id: C30A1E4E-F48B-4C67-9D0F-2B7D3C9BA46C]
[ INFO ] POST /internal/attendance-analysis/mlp/feedback [request-id: 6F5C3EB1-FE31-4EC0-AA3A-2858F6A575D1]
[ INFO ] POST /internal/attendance-analysis/mlp/feedback [request-id: 03B75813-EA5D-4D98-B68F-B6E358AA903E]
[ INFO ] POST /internal/attendance-analysis/mlp/feedback [request-id: ACD441C9-B490-487A-B700-E163257F4909]
[ INFO ] POST /internal/attendance-analysis/mlp/feedback [request-id: A25B3E16-C42C-43D1-AA22-883DBA6435B6]
[ INFO ] POST /internal/attendance-analysis/mlp/feedback [request-id: 63A04FEC-893A-4C0B-BC79-CDC1973AE728]
[ INFO ] POST /internal/attendance-analysis/mlp/feedback [request-id: 0695B78A-55BA-40DB-9759-B31AD6F2C277]
[ INFO ] POST /internal/attendance-analysis/mlp/feedback [request-id: 9871792E-4DB6-40AC-AC64-7C996A10EA3F]
[ INFO ] POST /internal/attendance-analysis/mlp/run [request-id: CBE6DA5B-2987-4C53-A4D3-747582C43CB5]
[ INFO ] POST /internal/attendance-analysis/mlp/feedback [request-id: 0B423CDB-8AC8-4930-A21F-182766DDF569]
[ INFO ] POST /internal/attendance-analysis/mlp/feedback [request-id: 2F324965-9919-4130-978D-A21E2771D235]
[ INFO ] POST /internal/attendance-analysis/mlp/feedback [request-id: 963B1CDA-6333-4576-B654-62D602AA9529]
[ INFO ] POST /internal/attendance-analysis/mlp/feedback [request-id: 5D804342-9F39-4986-8770-D2543673A64B]
[ INFO ] POST /internal/attendance-analysis/mlp/feedback [request-id: 82AE3461-AC8C-4D72-A22E-58333377FADC]
[ INFO ] POST /internal/attendance-analysis/mlp/feedback [request-id: A634BF9D-EE82-4C98-9DAF-31BC870AACA0]
[ INFO ] POST /internal/attendance-analysis/mlp/feedback [request-id: 5A8F7A9A-8206-4BE6-855C-AD1EFE276C55]
[ INFO ] POST /internal/attendance-analysis/mlp/feedback [request-id: 0FFD40AF-9B2E-4DD4-96E6-3FA851A90315]
[ INFO ] POST /internal/attendance-analysis/mlp/feedback [request-id: D5354FA9-F3D5-4A30-8919-53A95A7F9DE8]
[ INFO ] POST /internal/attendance-analysis/mlp/feedback [request-id: 082674D9-C408-4FD2-B75C-8FBB22D89C1D]
[ INFO ] POST /internal/attendance-analysis/mlp/feedback [request-id: 039F7997-97C8-4BD9-AA35-DFE1B87479BB]
[ INFO ] POST /internal/attendance-analysis/mlp/feedback [request-id: EA0CB5BA-53E4-4389-B984-F9A47B1AD853]
[ INFO ] POST /internal/attendance-analysis/mlp/feedback [request-id: 7E20E016-7EE0-4080-B036-21FF4C143800]
[ INFO ] POST /internal/attendance-analysis/mlp/feedback [request-id: 9B5CF5FE-0850-406A-93DC-6748356864F4]
[ INFO ] POST /internal/attendance-analysis/mlp/feedback [request-id: 56675712-B374-4DE9-98B4-2E82E6522FBF]
[ INFO ] POST /internal/attendance-analysis/mlp/feedback [request-id: 32E0F8FB-FA85-4FD5-9F16-DDEAD40B0CAC]
[ INFO ] POST /internal/attendance-analysis/mlp/feedback [request-id: 13F7883C-3252-47FD-951D-8AA9EFEEB542]
[ INFO ] POST /internal/attendance-analysis/mlp/feedback [request-id: 2BC90964-1524-4CCC-8FC6-31915F26CFDD]
[ INFO ] POST /internal/attendance-analysis/mlp/feedback [request-id: 3EC31753-8A4B-487B-BB5F-47A577601672]
[ INFO ] POST /internal/attendance-analysis/mlp/feedback [request-id: A3B38893-4CB1-482D-B177-323C6BEE9226]
[ INFO ] POST /internal/attendance-analysis/mlp/feedback [request-id: 90084C32-0651-4C8D-A73C-059D5079EA6D]
[ INFO ] POST /internal/attendance-analysis/mlp/feedback [request-id: 4E1A55C3-30FF-4C4E-8762-1A25AD11C98C]
[ INFO ] POST /internal/attendance-analysis/mlp/run [request-id: D1617F4F-85BA-4E3A-96CB-E2D6A10E04EF]
[ INFO ] POST /internal/attendance-analysis/mlp/feedback [request-id: B634FEA5-3717-4F1A-AA39-B18FAAD15BFB]
[ INFO ] POST /internal/attendance-analysis/mlp/feedback [request-id: A859A9CF-52F5-485F-A082-373A60B204F8]
[ INFO ] POST /internal/attendance-analysis/mlp/feedback [request-id: D844D2B8-E4C0-4FCB-BCF1-C698EE0D5615]
[ INFO ] POST /internal/attendance-analysis/mlp/feedback [request-id: 82396FCB-D6EB-428D-A5A2-0FE6E4AFFF06]
[ INFO ] POST /internal/attendance-analysis/mlp/feedback [request-id: 38086AB4-EEB4-4C86-9FDA-5B72E0D21AEA]
[ INFO ] POST /internal/attendance-analysis/mlp/feedback [request-id: 61E21ACF-147A-44E6-9BC4-687A6D3D75EC]
[ INFO ] POST /internal/attendance-analysis/mlp/feedback [request-id: 5F4882A1-9194-43A2-A615-6B2F38452900]
[ INFO ] POST /internal/attendance-analysis/mlp/feedback [request-id: 4DDC3F8D-7B30-4ECA-8FD8-DB56F9F89F23]
[ INFO ] POST /internal/attendance-analysis/mlp/feedback [request-id: F72CF880-639E-4C5C-86CC-56052016B1A7]
[ INFO ] POST /internal/attendance-analysis/mlp/feedback [request-id: 79542B45-906B-41DA-A068-130CCE3C91B3]
[ INFO ] POST /internal/attendance-analysis/mlp/feedback [request-id: 903471E3-6EE9-4DFC-BFC0-3BA7A2264F40]
[ INFO ] POST /internal/attendance-analysis/mlp/feedback [request-id: A3D24D6D-8B9A-4D6F-B54D-6F23DA5E4E39]
[ INFO ] POST /internal/attendance-analysis/mlp/feedback [request-id: EFC16BDF-3536-454D-A5C5-50A544DA6F12]
[ INFO ] POST /internal/attendance-analysis/mlp/feedback [request-id: F2F7F8AD-7584-4D2E-A388-1CCE48B69890]
[ INFO ] POST /internal/attendance-analysis/mlp/feedback [request-id: 48E3C01E-B9AF-4316-BB11-7C01C6516D03]
[ INFO ] POST /internal/attendance-analysis/mlp/feedback [request-id: B52E9044-3E07-4033-A1B3-045581C3DA86]
[ INFO ] POST /internal/attendance-analysis/mlp/run [request-id: DEFECA70-4628-4D4B-B2CF-DF4A8893B391]
[ INFO ] POST /internal/attendance-analysis/mlp/run [request-id: B60F188A-9203-4262-A84E-A9E0AAD54FC5]
[ INFO ] POST /internal/attendance-analysis/mlp/run [request-id: 2128F200-A015-4F1E-B007-15417CB83EDA]
[ INFO ] POST /internal/attendance-analysis/mlp/run [request-id: D02C5BA8-8D1A-4E47-AABC-849472EB6015]
[ INFO ] POST /internal/attendance-analysis/mlp/run [request-id: ECB028CA-8A2C-45B2-B028-A1D9546D6B4F]
[ INFO ] POST /internal/attendance-analysis/mlp/run [request-id: C8AA3586-02B6-4845-B90C-4493E5BFE98B]
[ INFO ] POST /internal/attendance-analysis/mlp/run [request-id: FA3C7341-0A68-4BC9-B95C-F311806EA0F9]
[ INFO ] POST /internal/attendance-analysis/mlp/run [request-id: B54E635E-2379-4E0E-B1D3-81FA56346015]
[ INFO ] POST /internal/attendance-analysis/mlp/run [request-id: B5A9F0A1-2428-4709-8C23-3E5EE6D426C7]
[ INFO ] POST /internal/attendance-analysis/mlp/run [request-id: 6E326EB2-F26D-441C-B76F-620081AEF78E]
[ INFO ] POST /internal/attendance-analysis/mlp/run [request-id: 15712C9F-3971-4AB4-8322-1405319D827A]
[ INFO ] POST /internal/attendance-analysis/mlp/run [request-id: A0DCF80D-D8C8-400B-8E96-48740EA4EAE4]
[ INFO ] POST /internal/attendance-analysis/mlp/run [request-id: AF7B71F6-5B79-4AB4-AD0E-8573DEB6BEB2]
[ INFO ] POST /internal/attendance-analysis/mlp/run [request-id: FB851B63-124C-4AD2-BD68-253EEF3BD942]
[ INFO ] POST /internal/attendance-analysis/mlp/run [request-id: A470FFCF-C5CE-444D-94C8-477BEF8CB39D]
[ INFO ] POST /internal/attendance-analysis/mlp/run [request-id: 58380F36-7BF4-475E-8681-9B08C2D13E63]
[ INFO ] POST /internal/attendance-analysis/mlp/run [request-id: 558A9537-452D-4F76-A313-1E66DDEE8B5F]
[ INFO ] POST /internal/attendance-analysis/mlp/run [request-id: 6999A77A-7D19-4436-BD80-35096AD749AC]
[ INFO ] POST /internal/attendance-analysis/mlp/run [request-id: 4DAA12BF-C895-45AA-A0BE-BB48C2C3D183]
[ INFO ] POST /internal/attendance-analysis/mlp/run [request-id: D9DA8799-8D18-4727-B709-BF678A31D37F]
[ INFO ] POST /internal/attendance-analysis/mlp/run [request-id: EE55E4E9-F83A-498D-8DB7-ACD036382605]
[ INFO ] POST /internal/attendance-analysis/mlp/run [request-id: B30AF868-21B5-44F0-AF72-73A174ADD61C]
[ INFO ] POST /internal/attendance-analysis/mlp/run [request-id: FF901A68-6F4B-441B-BBF2-98A7AD7597E5]
[ INFO ] POST /internal/attendance-analysis/mlp/run [request-id: 70F221C4-7CD5-44E9-B567-5574D36BD100]
[ INFO ] POST /internal/attendance-analysis/mlp/run [request-id: ACA801DA-08C3-42A3-8163-D5D184044E3C]
[ INFO ] POST /internal/attendance-analysis/mlp/run [request-id: 6B2185BC-E94A-46AA-94E7-D1F8CE9A5032]
[ INFO ] POST /internal/attendance-analysis/mlp/run [request-id: 9F9ECEE3-B85A-48BB-8243-9A293F58245A]
[ INFO ] POST /internal/attendance-analysis/mlp/run [request-id: 08C3647C-9DEF-415D-9542-635F615649AA]
[ INFO ] POST /internal/attendance-analysis/mlp/run [request-id: 930B5EA5-D243-4F95-B7F9-C110E4E54081]
[ INFO ] POST /internal/attendance-analysis/mlp/run [request-id: D87372FC-66B4-49E7-B924-1E72D72076AD]
[ INFO ] POST /internal/attendance-analysis/mlp/run [request-id: EF1FF8C8-90E6-4B3A-8FB6-8EF0F4C4EC5A]
[ INFO ] POST /internal/attendance-analysis/mlp/run [request-id: 4C9E331D-F36D-4DCE-9FC1-3B1FC0698190]
[ INFO ] POST /internal/attendance-analysis/mlp/run [request-id: 202669F9-F77A-4F0C-9E34-0A5520E3C8E6]
[ INFO ] POST /internal/attendance-analysis/mlp/run [request-id: 6080A94F-8F71-414F-B362-AF4C7F8B84C4]
[ INFO ] POST /internal/attendance-analysis/mlp/run [request-id: 547B363B-C638-4A27-8388-74C26163B2F1]
[ INFO ] POST /internal/attendance-analysis/mlp/run [request-id: 666D223B-9D7A-43B7-BC8D-F4738B143A52]
[ INFO ] GET /auth/getToken [request-id: C9E1B481-DDB6-4A9C-9EF4-1B5FE7A7C974]
[ INFO ] POST /internal/attendance-analysis/mlp/run [request-id: CF1FEDD4-8E1E-4B60-B570-66244C54B781]
[ INFO ] POST /internal/attendance-analysis/mlp/run [request-id: B6A4530F-C624-408D-A473-D0FF7ADE196C]
[ INFO ] POST /internal/attendance-analysis/mlp/run [request-id: C19C86E8-5799-4493-AA2A-8A20348697B0]
[ INFO ] POST /internal/attendance-analysis/mlp/run [request-id: 457B7A22-8842-48E8-9323-EF2C4A27169C]
[ INFO ] POST /internal/attendance-analysis/mlp/run [request-id: 4C04FF09-EB5B-4D5F-A595-8A969AC927F5]
[ INFO ] POST /internal/attendance-analysis/mlp/run [request-id: B490854C-501F-4DBB-96BE-364D816BC045]
[ INFO ] POST /internal/attendance-analysis/mlp/run [request-id: D0C83B3F-915A-49CD-8295-5CF59CE9A513]
[ INFO ] POST /internal/attendance-analysis/mlp/run [request-id: 7865F24C-1DBB-4311-B224-3211A13A10F1]
[ INFO ] POST /internal/attendance-analysis/mlp/run [request-id: 48DCBA35-7912-4B39-ADF5-BAFC8DE35EEC]
[ INFO ] POST /internal/attendance-analysis/mlp/run [request-id: 094F54CD-0110-4B8F-BD67-8378ACA495CA]
[ INFO ] POST /internal/attendance-analysis/mlp/run [request-id: 06C85563-A155-479E-806F-09CCF6E4AC9B]
[ INFO ] POST /internal/attendance-analysis/mlp/run [request-id: 3D1FB5E1-C8A7-41A2-AB3C-C3DCF12B4938]
[ INFO ] POST /internal/attendance-analysis/mlp/run [request-id: D998D841-88AE-45C8-B23F-C3FAED7B5442]
[ INFO ] POST /internal/attendance-analysis/mlp/run [request-id: 9B6887F3-639C-48F0-A033-151DF838A104]
[ INFO ] POST /internal/attendance-analysis/mlp/run [request-id: 99336BD7-F2FC-4452-AEC0-F18F605E9091]
[ INFO ] POST /internal/attendance-analysis/mlp/run [request-id: 94D3B1E5-BAFA-490F-816D-2B718FA39DED]
[ INFO ] GET /auth/getToken [request-id: 82FD7D21-A863-4016-AC01-49454D3158CC]
[ INFO ] POST /internal/attendance-analysis/mlp/feedback [request-id: 20AA0CD6-B9A6-438E-BDAE-D75A83FD0409]
[ INFO ] POST /internal/attendance-analysis/mlp/feedback [request-id: F5C97CF8-ECEA-4548-96C7-44FA72538B98]
[ INFO ] POST /internal/attendance-analysis/mlp/feedback [request-id: 70C20DD6-1A4F-4C37-84FA-D53665545EBC]
[ INFO ] POST /internal/attendance-analysis/mlp/feedback [request-id: 93B5B967-519D-4CBB-8222-26D77225A3BA]
[ INFO ] POST /internal/attendance-analysis/mlp/feedback [request-id: 273BF50F-FFB1-43E5-A00B-EBA42BDC6C8E]
[ INFO ] POST /internal/attendance-analysis/mlp/feedback [request-id: 50FC1B69-7F48-44E6-A236-6C1D8C5B0CE1]
[ INFO ] POST /internal/attendance-analysis/mlp/feedback [request-id: 8E895B2E-5215-45C0-AD07-851F14CAB8D3]
[ INFO ] POST /internal/attendance-analysis/mlp/feedback [request-id: 222FF653-B86A-4432-A7D9-487CADAAAECB]
[ INFO ] POST /internal/attendance-analysis/mlp/feedback [request-id: 415E5185-2177-48F5-828D-E390A8BEC8EF]
[ INFO ] POST /internal/attendance-analysis/mlp/run [request-id: 99EF884C-D588-4952-AEFF-F63FB3DF27F3]
[ INFO ] POST /internal/attendance-analysis/mlp/feedback [request-id: AC6AD555-C8C3-46F7-B4B6-68CAC2B5B399]
[ INFO ] POST /internal/attendance-analysis/mlp/feedback [request-id: 0BB20070-BE71-4D62-9603-A4D725DB3D3B]
[ INFO ] POST /internal/attendance-analysis/mlp/feedback [request-id: 95E69C3B-4036-49D5-9154-8D4157CDCF84]
[ INFO ] POST /internal/attendance-analysis/mlp/feedback [request-id: 83265141-716E-4E50-A4E6-0E5FADDEB297]
[ INFO ] POST /internal/attendance-analysis/mlp/feedback [request-id: 4E453484-DAD3-43C6-8DC0-0D82D5F55D57]
[ INFO ] POST /internal/attendance-analysis/mlp/feedback [request-id: CFFF83AE-D849-4FA0-9B78-52B8A91EB4D5]
[ INFO ] POST /internal/attendance-analysis/mlp/feedback [request-id: 1F742935-49B7-4929-AC81-39DA9DDC448F]
[ INFO ] POST /internal/attendance-analysis/mlp/feedback [request-id: 50C6AB38-724A-436F-904E-F0A8D13AF846]
[ INFO ] POST /internal/attendance-analysis/mlp/feedback [request-id: 4903B073-D1EC-4B1C-86ED-4FF24F49AAE6]
[ INFO ] POST /internal/attendance-analysis/mlp/feedback [request-id: 83AA399C-F882-4F2A-9644-80D7339D59BA]
[ INFO ] POST /internal/attendance-analysis/mlp/feedback [request-id: 9839582D-8820-425A-9F27-6E487412047D]
[ INFO ] POST /internal/attendance-analysis/mlp/feedback [request-id: B259B8DB-1E29-4ADF-95F4-F73787920487]
[ INFO ] POST /internal/attendance-analysis/mlp/feedback [request-id: B1B81AD6-E643-4410-9821-0A2AEDF2870B]
[ INFO ] POST /internal/attendance-analysis/mlp/feedback [request-id: 378647A4-71C1-454B-8673-A5CBFCB85426]
[ INFO ] POST /internal/attendance-analysis/mlp/feedback [request-id: 23873B54-6749-4B4B-B1E5-A531C4F113D9]
[ INFO ] POST /internal/attendance-analysis/mlp/feedback [request-id: 38C16AEE-E3AE-4393-B7BC-9A4CAFC03E3A]
[ INFO ] POST /internal/attendance-analysis/mlp/feedback [request-id: 226A44FE-6515-4A41-AC69-0DF10CD1C95B]
[ INFO ] POST /internal/attendance-analysis/mlp/feedback [request-id: 766BA614-CD7B-4A9F-ADC3-CF8E593427A2]
[ INFO ] POST /internal/attendance-analysis/mlp/feedback [request-id: E5DB3494-730E-4F4F-A5C1-63C2EA19A0B0]
[ INFO ] POST /internal/attendance-analysis/mlp/feedback [request-id: 66553E40-FAA2-49A8-B4A6-2301B4F0D35F]
[ INFO ] POST /internal/attendance-analysis/mlp/feedback [request-id: 2C7EEC6E-2C1F-48A7-BFDD-8F0B4B214FAA]
[ INFO ] POST /internal/attendance-analysis/mlp/feedback [request-id: E0F305BB-9E8A-4344-8F06-D92930165175]
[ INFO ] POST /internal/attendance-analysis/mlp/run [request-id: F85E6080-A0BC-414D-AAC6-232947BB2C29]
[ INFO ] POST /internal/attendance-analysis/mlp/feedback [request-id: 1BA76310-81E5-4CDF-8BC4-1D21F44320A9]
[ INFO ] POST /internal/attendance-analysis/mlp/feedback [request-id: 07EB2A62-83CE-4361-AA28-C8A07EC000A2]
[ INFO ] POST /internal/attendance-analysis/mlp/feedback [request-id: 99313B95-D273-42BA-B70B-0DDC497B7266]
[ INFO ] POST /internal/attendance-analysis/mlp/feedback [request-id: E2F58CC6-B6F6-430A-B88C-E7DF6184DA6E]
[ INFO ] POST /internal/attendance-analysis/mlp/feedback [request-id: AC8570D8-C1D8-4727-AC30-C4F3CDA23022]
[ INFO ] POST /internal/attendance-analysis/mlp/feedback [request-id: 049089B7-9E4B-4A11-831F-4F10757952A0]
[ INFO ] POST /internal/attendance-analysis/mlp/feedback [request-id: ABE6B3C5-EDDB-4A25-B355-1ABC34DEEEEA]
[ INFO ] POST /internal/attendance-analysis/mlp/feedback [request-id: 943415A0-DA01-4E82-82B7-AA9740F3A5F8]
[ INFO ] POST /internal/attendance-analysis/mlp/feedback [request-id: E84A045D-8167-4970-8B47-0E11478456CA]
[ INFO ] POST /internal/attendance-analysis/mlp/feedback [request-id: D4B0EDC6-C7FB-4B6A-BBD7-BD293D88DE7C]
[ INFO ] POST /internal/attendance-analysis/mlp/feedback [request-id: 01730845-3071-4256-A977-4CFA21332705]
[ INFO ] POST /internal/attendance-analysis/mlp/feedback [request-id: C60D044F-85FC-4839-A635-A4E329798DBD]
[ INFO ] POST /internal/attendance-analysis/mlp/feedback [request-id: 01A19D4C-9F51-4E07-925D-B72BFD35A1C0]
[ INFO ] POST /internal/attendance-analysis/mlp/feedback [request-id: B3FF9E6C-CFDB-4EA2-8975-536BF2D893A7]
[ INFO ] POST /internal/attendance-analysis/mlp/feedback [request-id: 8E0368F8-1FDE-4CBE-957D-590876566EF8]
[ INFO ] POST /internal/attendance-analysis/mlp/feedback [request-id: 96778978-1E9E-46FE-9931-26192B8A4844]
[ INFO ] POST /internal/attendance-analysis/mlp/feedback [request-id: 33FA1F70-CA04-4069-BD1D-8F897A259EA7]
[ INFO ] POST /internal/attendance-analysis/mlp/feedback [request-id: D1A41AC1-51DA-4B00-8478-D5A37244AB96]
[ INFO ] POST /internal/attendance-analysis/mlp/feedback [request-id: 86645FF9-14E9-4DE3-B276-2532B90433B8]
[ INFO ] POST /internal/attendance-analysis/mlp/feedback [request-id: 30B779DC-74F8-457C-A779-C3AA00CD3145]
[ INFO ] POST /internal/attendance-analysis/mlp/feedback [request-id: 3967389A-B992-4FCF-8398-A933CCB6BE1E]
[ INFO ] POST /internal/attendance-analysis/mlp/feedback [request-id: ED8844C0-7256-4533-9207-87282B6559D6]
[ INFO ] POST /internal/attendance-analysis/mlp/run [request-id: AAFA6C89-56C3-4939-98CF-96608B5A4CC4]
[ INFO ] POST /internal/attendance-analysis/mlp/feedback [request-id: 65C66136-DD83-4F06-9583-FEE6F7E5A4B3]
[ INFO ] POST /internal/attendance-analysis/mlp/feedback [request-id: 38E9763B-D757-4700-8C27-EB85B2875C58]
[ INFO ] POST /internal/attendance-analysis/mlp/feedback [request-id: B5D6AA21-1212-477C-8323-9E77ABB88CE6]
[ INFO ] POST /internal/attendance-analysis/mlp/feedback [request-id: 753D8CA6-76DA-4ED5-873B-CDCA6899840C]
[ INFO ] POST /internal/attendance-analysis/mlp/feedback [request-id: 1FBF68E2-72E2-4456-90D8-97DE556E788B]
[ INFO ] POST /internal/attendance-analysis/mlp/feedback [request-id: E6E7961B-4AD5-44F3-A5E6-F9664DF4E339]
[ INFO ] POST /internal/attendance-analysis/mlp/feedback [request-id: D8EAF77A-BBE3-4BEB-9386-F98166FA1C57]
[ INFO ] POST /internal/attendance-analysis/mlp/feedback [request-id: 20BBFA64-6ED5-412C-8591-C91C08F6FD7B]
[ INFO ] POST /internal/attendance-analysis/mlp/feedback [request-id: E4913457-9CA7-43F9-9BC3-83CBD969A8E0]
[ INFO ] POST /internal/attendance-analysis/mlp/feedback [request-id: 0050EE46-82FA-45D2-9079-096CF0446754]
[ INFO ] POST /internal/attendance-analysis/mlp/feedback [request-id: E99BE2AE-702A-4B3F-A3E3-F2235CAA1B7E]
[ INFO ] POST /internal/attendance-analysis/mlp/feedback [request-id: 0933B85F-675A-4E40-8F65-2E9CBA4508B0]
[ INFO ] POST /internal/attendance-analysis/mlp/feedback [request-id: BA110D3D-45B5-4B6C-857D-1E415981DC84]
[ INFO ] POST /internal/attendance-analysis/mlp/feedback [request-id: 743A7422-42DD-4FD5-A4E4-0C6E666C4EAB]
[ INFO ] POST /internal/attendance-analysis/mlp/feedback [request-id: D17A668A-AE93-4386-AAB6-4E883B9866FB]
[ INFO ] POST /internal/attendance-analysis/mlp/feedback [request-id: 54F7486E-0E18-4066-8CD5-C310F09B1BE1]
[ INFO ] POST /internal/attendance-analysis/mlp/feedback [request-id: EF2AB0F3-673B-4513-90AC-0BD2D703BF89]
[ INFO ] POST /internal/attendance-analysis/mlp/feedback [request-id: 7D562FFE-05CB-4208-A7B1-8604FE11682B]
[ INFO ] POST /internal/attendance-analysis/mlp/feedback [request-id: 99E446E4-51A3-496B-B206-66601B0E1A16]
[ INFO ] POST /internal/attendance-analysis/mlp/feedback [request-id: B6BE64EA-276B-42C6-A973-235E28645B54]
[ INFO ] POST /internal/attendance-analysis/mlp/feedback [request-id: 266D3813-3180-4D51-8B3B-4CA4CF575201]
[ INFO ] POST /internal/attendance-analysis/mlp/feedback [request-id: 094D44B9-89D7-4F6D-B488-33ED585AFAB6]
[ INFO ] POST /internal/attendance-analysis/mlp/run [request-id: A650609C-6CEF-455D-BC24-289C95BF69BA]
[ INFO ] POST /internal/attendance-analysis/mlp/feedback [request-id: 0EB486CA-3276-422B-9ACC-C28818AF581E]
[ INFO ] POST /internal/attendance-analysis/mlp/feedback [request-id: EDF247D9-7855-4626-B552-E7289B2DEC5F]
[ INFO ] POST /internal/attendance-analysis/mlp/feedback [request-id: 7BAF953C-C16D-40C6-A1D2-6CAF1AA594E2]
[ INFO ] POST /internal/attendance-analysis/mlp/feedback [request-id: 0697EAAD-1D0A-453D-939C-78B4580EA82B]
[ INFO ] POST /internal/attendance-analysis/mlp/feedback [request-id: 7C805469-AF62-4D8A-9BF0-883924D91E45]
[ INFO ] POST /internal/attendance-analysis/mlp/feedback [request-id: 1A9D1935-EC7A-4F53-9596-E61EBF709AE5]
[ INFO ] POST /internal/attendance-analysis/mlp/feedback [request-id: 1A54D297-E498-4B5A-B30E-ED884852A933]
[ INFO ] POST /internal/attendance-analysis/mlp/feedback [request-id: 7E881017-3E15-4CD5-9F04-E44FAFE66CFC]
[ INFO ] POST /internal/attendance-analysis/mlp/feedback [request-id: 42AEEB96-44C8-4DE7-8530-020FC4E3F675]
[ INFO ] POST /internal/attendance-analysis/mlp/feedback [request-id: 67084CFD-2A84-408B-A802-BEAA0C192AAF]
[ INFO ] POST /internal/attendance-analysis/mlp/feedback [request-id: B37A1D87-0AD5-47C1-9551-53937B450E6C]
[ INFO ] POST /internal/attendance-analysis/mlp/feedback [request-id: 2899D276-3C4D-4B69-B5CD-874DF08D5002]
[ INFO ] POST /internal/attendance-analysis/mlp/feedback [request-id: D07F128B-8039-419E-A5DB-A8C05D185131]
[ INFO ] POST /internal/attendance-analysis/mlp/feedback [request-id: 402B0650-908C-47C5-8386-C3CC85FA9BB3]
[ INFO ] POST /internal/attendance-analysis/mlp/feedback [request-id: 81CFAF48-6E88-4379-A4F5-1BBFE754BCB3]
[ INFO ] POST /internal/attendance-analysis/mlp/feedback [request-id: 5A634D79-9139-4BB5-87A2-9A3E70CBD1A6]
[ INFO ] POST /internal/attendance-analysis/mlp/run [request-id: F512E0B9-E65C-477C-BB16-E91FA03E21EC]
[ INFO ] POST /internal/attendance-analysis/mlp/feedback [request-id: DCB635BF-3E1D-4A3C-8E72-A42B41DB05B7]
[ INFO ] POST /internal/attendance-analysis/mlp/feedback [request-id: E289B54A-F098-408D-8AF0-1CD1F0B99462]
[ INFO ] POST /internal/attendance-analysis/mlp/feedback [request-id: E4E5229A-52E4-4859-8371-916C86FDDD9A]
[ INFO ] POST /internal/attendance-analysis/mlp/feedback [request-id: AF084F6A-E57B-41F1-B2FA-577ADEF815EA]
[ INFO ] POST /internal/attendance-analysis/mlp/feedback [request-id: 88F0C453-5203-4E70-A5B1-EEA66FF7D657]
[ INFO ] POST /internal/attendance-analysis/mlp/feedback [request-id: 6BF0BC5B-50DA-4183-A730-0D3F17834C7B]
[ INFO ] POST /internal/attendance-analysis/mlp/feedback [request-id: 8BBFDFF5-5153-4129-89F7-034D91731F64]
[ INFO ] POST /internal/attendance-analysis/mlp/feedback [request-id: F3759A59-B7FF-437C-B7CD-6703D08524C1]
[ INFO ] POST /internal/attendance-analysis/mlp/feedback [request-id: 7D0E340E-7B1B-47BB-9F2A-6F3C703C2FBB]
[ INFO ] POST /internal/attendance-analysis/mlp/feedback [request-id: 2C15C311-7C68-4680-8821-6E9DE509F450]
[ INFO ] POST /internal/attendance-analysis/mlp/feedback [request-id: 74D10F74-D7BD-47DC-BB3B-CE6A6429A46E]
[ INFO ] POST /internal/attendance-analysis/mlp/feedback [request-id: 85B5BFBB-B347-42F2-92E1-8F00B5E637EE]
[ INFO ] POST /internal/attendance-analysis/mlp/feedback [request-id: 60126957-4237-45A7-907E-26C4A14F1777]
[ INFO ] POST /internal/attendance-analysis/mlp/feedback [request-id: 8DDB3B08-91C5-4E86-8CD2-CD09E7AE1310]
[ INFO ] POST /internal/attendance-analysis/mlp/feedback [request-id: 479CAF9A-2E7F-4AE1-BB89-871961CDB136]
[ INFO ] POST /internal/attendance-analysis/mlp/feedback [request-id: F4F1E5A7-ADDE-4024-892E-7A21AF27730B]
[ INFO ] POST /internal/attendance-analysis/mlp/feedback [request-id: 899252D4-E0EC-4F78-AC63-CC41D7D3F960]
[ INFO ] POST /internal/attendance-analysis/mlp/run [request-id: 4A847778-3DA3-46F8-933B-DA408C13CEE1]
[ INFO ] POST /internal/attendance-analysis/mlp/feedback [request-id: D6A8AB15-E9F5-4FE7-BE54-49C7132BA1E1]
[ INFO ] POST /internal/attendance-analysis/mlp/feedback [request-id: 081178AA-7ED7-4B87-9F21-698CA21A51B0]
[ INFO ] POST /internal/attendance-analysis/mlp/feedback [request-id: 467F8008-1811-408D-AEAB-6F24DE7282DF]
[ INFO ] POST /internal/attendance-analysis/mlp/feedback [request-id: 1A7DB902-60F1-4FB7-B20F-B100D1A9ABF1]
[ INFO ] POST /internal/attendance-analysis/mlp/feedback [request-id: 5CCB816B-F1C6-4BB9-82FC-5701D40A4E6D]
[ INFO ] POST /internal/attendance-analysis/mlp/feedback [request-id: 5A7FE3AC-069F-483C-A9A3-EB646579B9B6]
[ INFO ] POST /internal/attendance-analysis/mlp/feedback [request-id: 171DF04F-275A-4AB4-8B88-46FA7D4D98DA]
[ INFO ] POST /internal/attendance-analysis/mlp/feedback [request-id: E1A67E5F-746A-4EA9-B786-70B1DE9C20E9]
[ INFO ] POST /internal/attendance-analysis/mlp/feedback [request-id: E4D6C633-A784-434E-AD8D-073864C657A6]
[ INFO ] POST /internal/attendance-analysis/mlp/feedback [request-id: 4226D50F-DB3B-43D5-A4DE-9BC9D1DF7816]
[ INFO ] POST /internal/attendance-analysis/mlp/feedback [request-id: 64329C8F-C0A3-4553-B44B-F87B11CB6BA2]
[ INFO ] POST /internal/attendance-analysis/mlp/feedback [request-id: 65176EDE-B260-40B0-B4D6-F71619E59DAB]
[ INFO ] POST /internal/attendance-analysis/mlp/feedback [request-id: 474C0F7A-365F-4439-AD9F-A955DF61DEC2]
[ INFO ] POST /internal/attendance-analysis/mlp/feedback [request-id: C73B74DE-1B70-423D-93E3-A795F5CE3ED2]
[ INFO ] POST /internal/attendance-analysis/mlp/feedback [request-id: B2328752-BFC3-4E8E-A1D5-6051C708E3A4]
[ INFO ] POST /internal/attendance-analysis/mlp/feedback [request-id: 634FE244-CFB0-4391-9EBD-DA541DDE83F8]
[ INFO ] POST /internal/attendance-analysis/mlp/feedback [request-id: 70656F03-5939-41A2-A946-45418B414819]
[ INFO ] POST /internal/attendance-analysis/mlp/feedback [request-id: B2C4631F-4CF9-479B-96F6-40983DCC7BC4]
[ INFO ] POST /internal/attendance-analysis/mlp/feedback [request-id: E9F09AEF-EDA4-4811-9BBE-0A77EE2EA1ED]
[ INFO ] POST /internal/attendance-analysis/mlp/feedback [request-id: 1E45C714-EDDC-4A21-A52A-C8B80B8BCDE9]
[ INFO ] POST /internal/attendance-analysis/mlp/feedback [request-id: 0B65DF03-77FD-45DE-8DAF-3F1EFA8252FD]
[ INFO ] POST /internal/attendance-analysis/mlp/feedback [request-id: DB924267-3281-4798-B4D7-6BB14F358ADD]
[ INFO ] POST /internal/attendance-analysis/mlp/run [request-id: 3A0585B6-95A6-486C-AFCD-92ACE212E50C]
[ INFO ] POST /internal/attendance-analysis/mlp/feedback [request-id: CDDAA183-33C7-4BB5-8B43-FC42D0485202]
[ INFO ] POST /internal/attendance-analysis/mlp/feedback [request-id: CC00E306-607C-43AA-A8EE-A7B832A0FDD2]
[ INFO ] POST /internal/attendance-analysis/mlp/feedback [request-id: 74C4469D-C62C-47F6-BB0B-32E7CA3222B9]
[ INFO ] POST /internal/attendance-analysis/mlp/feedback [request-id: 3A0E67FE-D6EC-40B9-B7DD-111873A2F6E4]
[ INFO ] POST /internal/attendance-analysis/mlp/feedback [request-id: 80ED650F-E4B4-4205-B55E-92715861C046]
[ INFO ] POST /internal/attendance-analysis/mlp/feedback [request-id: 7D1FF246-47BF-4628-9800-9F325DD3ADA2]
[ INFO ] POST /internal/attendance-analysis/mlp/feedback [request-id: 1432267C-993A-4FB9-80CE-86CDB9E7F023]
[ INFO ] POST /internal/attendance-analysis/mlp/feedback [request-id: 82051A5C-3FDF-42DA-A27A-5BC6DE25C8C5]
[ INFO ] POST /internal/attendance-analysis/mlp/feedback [request-id: 81DA539C-B66C-485D-9CDA-838AC66B8CE1]
[ INFO ] POST /internal/attendance-analysis/mlp/feedback [request-id: D95EF9D5-D37C-44A3-996E-17800ECDCFED]
[ INFO ] POST /internal/attendance-analysis/mlp/feedback [request-id: DD3B266B-33F6-4910-AC80-5C10BA43236F]
[ INFO ] POST /internal/attendance-analysis/mlp/feedback [request-id: BBD9665C-5694-461C-A741-EF82DE6D5DE6]
[ INFO ] POST /internal/attendance-analysis/mlp/feedback [request-id: 55D2806E-6275-42D3-9684-2A56F1BB9D77]
[ INFO ] POST /internal/attendance-analysis/mlp/feedback [request-id: 636C86F4-E40D-4E50-8B0E-7C29B1734243]
[ INFO ] POST /internal/attendance-analysis/mlp/feedback [request-id: 41F8AD0F-6871-440B-9156-CE141E092F5E]
[ INFO ] POST /internal/attendance-analysis/mlp/feedback [request-id: 7FB97CED-1F30-4630-A366-481BF30290A4]
[ INFO ] POST /internal/attendance-analysis/mlp/feedback [request-id: BBE13FDC-144F-469C-A184-B828E0B857ED]
[ INFO ] POST /internal/attendance-analysis/mlp/feedback [request-id: 05C1B678-75C3-4700-A138-467222D67858]
[ INFO ] POST /internal/attendance-analysis/mlp/feedback [request-id: 332DC795-066A-4876-9B1D-608EE4CD576D]
[ INFO ] POST /internal/attendance-analysis/mlp/feedback [request-id: 0D6DE314-676C-49C0-8549-BD378899CD65]
[ INFO ] POST /internal/attendance-analysis/mlp/feedback [request-id: AB4B9443-DD49-47B1-8468-21AFA3196DB0]
[ INFO ] POST /internal/attendance-analysis/mlp/feedback [request-id: 9CCC0D33-8D35-4F82-8EE8-B24990172636]
[ INFO ] POST /internal/attendance-analysis/mlp/run [request-id: D2CA4FD4-799A-4EE2-B694-38F2496AB6F5]
[ INFO ] POST /internal/attendance-analysis/mlp/feedback [request-id: 7D71F627-1409-4526-8DCB-D85812B6C227]
[ INFO ] POST /internal/attendance-analysis/mlp/feedback [request-id: 360CD9B9-BE5A-4A6B-85AE-044BD2CFF27B]
[ INFO ] POST /internal/attendance-analysis/mlp/feedback [request-id: 5343FCFD-45FD-44AE-84A7-7172E4C01BDE]
[ INFO ] POST /internal/attendance-analysis/mlp/feedback [request-id: E85C526E-703D-4417-8A8F-D9A97D4FB0BE]
[ INFO ] POST /internal/attendance-analysis/mlp/feedback [request-id: C37AF101-03D0-4085-913E-18CD0136FE39]
[ INFO ] POST /internal/attendance-analysis/mlp/feedback [request-id: 10845E30-D5BF-4E62-B940-F1B9A302C285]
[ INFO ] POST /internal/attendance-analysis/mlp/feedback [request-id: 5A5CBD7C-1730-482B-B025-B71E4C98C5A6]
[ INFO ] POST /internal/attendance-analysis/mlp/feedback [request-id: CC128EBA-1293-4706-BD64-C86D1530E346]
[ INFO ] POST /internal/attendance-analysis/mlp/feedback [request-id: EE31441B-833F-41CF-96A4-C9A4E0691BF5]
[ INFO ] POST /internal/attendance-analysis/mlp/feedback [request-id: 99F65FB6-AC57-4D75-BD80-70146DA3DD88]
[ INFO ] POST /internal/attendance-analysis/mlp/feedback [request-id: D035AD62-7D32-415E-9783-DD45CFAA5270]
[ INFO ] POST /internal/attendance-analysis/mlp/feedback [request-id: FA28B941-4C2C-4B49-8A25-2F339CF92F09]
[ INFO ] POST /internal/attendance-analysis/mlp/feedback [request-id: F911496C-EB97-4524-A073-071E417AABBF]
[ INFO ] POST /internal/attendance-analysis/mlp/feedback [request-id: 69B880BD-99D6-4C0E-B60E-0C50B7A5FF6A]
[ INFO ] POST /internal/attendance-analysis/mlp/feedback [request-id: F0138C4D-6C62-4823-A4DF-248A887BA907]
[ INFO ] POST /internal/attendance-analysis/mlp/feedback [request-id: 7CE57C06-F55D-4485-BBC9-1E8BC7A70537]
[ INFO ] POST /internal/attendance-analysis/mlp/feedback [request-id: A0EFDBD4-E6FE-4162-AA35-C683B71D4747]
[ INFO ] POST /internal/attendance-analysis/mlp/feedback [request-id: 26626F79-8557-432E-B969-FB448D691D4A]
[ INFO ] POST /internal/attendance-analysis/mlp/feedback [request-id: 30456A81-DBE7-47C8-8267-E1A2D135CB5D]
[ INFO ] POST /internal/attendance-analysis/mlp/feedback [request-id: 7C8A917C-9FCC-4AAF-8E20-184D75BD156B]
[ INFO ] POST /internal/attendance-analysis/mlp/feedback [request-id: B45D0989-5DD1-41CF-B8C5-9022742EA641]
[ INFO ] POST /internal/attendance-analysis/mlp/run [request-id: F46DC8FE-C6F5-4BEA-A799-5C726467A572]
[ INFO ] POST /internal/attendance-analysis/mlp/feedback [request-id: 3876AB66-838D-4386-8B6E-5C0AA07F96A3]
[ INFO ] POST /internal/attendance-analysis/mlp/feedback [request-id: DF686CBC-A399-47DF-9666-A42AADF6754C]
[ INFO ] POST /internal/attendance-analysis/mlp/feedback [request-id: 5E38D87C-DB7E-477A-A04D-6A0D347CB2FE]
[ INFO ] POST /internal/attendance-analysis/mlp/feedback [request-id: 0C15AC59-E921-49F7-8453-7016F19226DA]
[ INFO ] POST /internal/attendance-analysis/mlp/feedback [request-id: 12C411EB-9A06-4AFF-9AF0-38B4A98A1F23]
[ INFO ] POST /internal/attendance-analysis/mlp/feedback [request-id: 87115A9D-0C79-4DB0-85F8-4DD1927F0281]
[ INFO ] POST /internal/attendance-analysis/mlp/feedback [request-id: CA571FC8-49E1-478B-AD32-49FB65100D68]
[ INFO ] POST /internal/attendance-analysis/mlp/feedback [request-id: 431A869E-902E-4EDA-9814-C3EE79BF7599]
[ INFO ] POST /internal/attendance-analysis/mlp/feedback [request-id: 8BD50495-6A0C-4CCC-9028-0D0D821AE0BA]
[ INFO ] POST /internal/attendance-analysis/mlp/feedback [request-id: 6F4C1D0D-4B99-4C2D-AE15-DADC60013023]
[ INFO ] POST /internal/attendance-analysis/mlp/feedback [request-id: 5D7BFF75-EB98-49F2-AD80-884C5F4EF37D]
[ INFO ] POST /internal/attendance-analysis/mlp/feedback [request-id: 9E32B315-08BD-4529-A528-1676DCAE1959]
[ INFO ] POST /internal/attendance-analysis/mlp/feedback [request-id: AE93166A-842C-49DE-889A-E0E528F0C7F2]
[ INFO ] POST /internal/attendance-analysis/mlp/feedback [request-id: 664D805D-964B-4478-8C1B-B38272BB2049]
[ INFO ] POST /internal/attendance-analysis/mlp/feedback [request-id: 66E56102-467E-4A9C-B1E3-A2E68253ADB2]
[ INFO ] POST /internal/attendance-analysis/mlp/feedback [request-id: 194ACC28-2243-4383-AAED-869E1572C730]
[ INFO ] POST /internal/attendance-analysis/mlp/feedback [request-id: 25D696FC-CA30-4505-B384-0DCBC45DA7AB]
[ INFO ] POST /internal/attendance-analysis/mlp/feedback [request-id: 7B46352C-6934-47CC-B1D6-590C0342CF5E]
[ INFO ] POST /internal/attendance-analysis/mlp/feedback [request-id: 927080CB-B822-4177-BAC7-D71601F2C8F0]
[ INFO ] POST /internal/attendance-analysis/mlp/feedback [request-id: B6C6EC9E-C76F-406F-8983-CD758BF93CCC]
[ INFO ] POST /internal/attendance-analysis/mlp/feedback [request-id: DD5BA576-75CB-40EA-9318-D12EAD0BB035]
[ INFO ] POST /internal/attendance-analysis/mlp/feedback [request-id: 4B6AB71D-1AE2-4487-9FE1-08205BDAA408]
[ INFO ] POST /internal/attendance-analysis/mlp/feedback [request-id: EB840596-C5D7-49FB-B34D-3D7B7843B288]
[ INFO ] POST /internal/attendance-analysis/mlp/run [request-id: A842DE8A-D393-4A43-8EDD-B004FE16432A]
[ INFO ] POST /internal/attendance-analysis/mlp/feedback [request-id: 537648CF-730C-402E-8E20-8A49ECD5A126]
[ INFO ] POST /internal/attendance-analysis/mlp/feedback [request-id: 090E7066-FA30-4A45-9296-1A39CDDF2203]
[ INFO ] POST /internal/attendance-analysis/mlp/feedback [request-id: DE1E3B47-17F3-4F92-A2F7-D212ABF05F90]
[ INFO ] POST /internal/attendance-analysis/mlp/feedback [request-id: 4D6261EF-47BC-45AC-8B16-BFDD95ABFF76]
[ INFO ] POST /internal/attendance-analysis/mlp/feedback [request-id: 58424747-F7C5-4876-B483-CAC2F2E93A29]
[ INFO ] POST /internal/attendance-analysis/mlp/feedback [request-id: 32BC7B3F-2737-498C-9899-227F4E5C53AC]
[ INFO ] POST /internal/attendance-analysis/mlp/feedback [request-id: 0CCA6CA1-184F-4D2A-BCD0-36A04D650AAD]
[ INFO ] POST /internal/attendance-analysis/mlp/feedback [request-id: E4E22A43-4F8B-4D9D-8D95-5A91FA17A9EE]
[ INFO ] POST /internal/attendance-analysis/mlp/feedback [request-id: 2B2C1AAA-D927-498C-AFFA-1F1800AB96D9]
[ INFO ] POST /internal/attendance-analysis/mlp/feedback [request-id: 4EE1197B-8C91-4D9D-B8D9-CCCB7D81988C]
[ INFO ] POST /internal/attendance-analysis/mlp/feedback [request-id: 2DF0C5B4-9B1F-4537-B5A2-64C81EE3B1F9]
[ INFO ] POST /internal/attendance-analysis/mlp/feedback [request-id: 3F635C93-1354-4892-B3A9-CED067CC4E09]
[ INFO ] POST /internal/attendance-analysis/mlp/feedback [request-id: 5DB1C61E-35EE-40E7-8E42-BD309A933254]
[ INFO ] POST /internal/attendance-analysis/mlp/feedback [request-id: 8D1D562E-D53A-4F27-AD49-EF57BF34493A]
[ INFO ] POST /internal/attendance-analysis/mlp/feedback [request-id: AEC997D9-2584-4A34-8B6A-FA19939E83F9]
[ INFO ] POST /internal/attendance-analysis/mlp/feedback [request-id: 4271B4D2-B652-4623-A338-7157D5D2B1C9]
[ INFO ] POST /internal/attendance-analysis/mlp/feedback [request-id: 09EC5D27-0CAC-4770-948F-489945DFB0E4]
[ INFO ] POST /internal/attendance-analysis/mlp/feedback [request-id: 491DC02D-0753-402A-8B19-AAEE5A1245BA]
[ INFO ] POST /internal/attendance-analysis/mlp/feedback [request-id: 44C8B5A0-89C7-4F2E-82FF-2E137D8E5D3B]
[ INFO ] POST /internal/attendance-analysis/mlp/feedback [request-id: B2434D96-EA3B-47C0-B226-DE0813BE0CE1]
[ INFO ] POST /internal/attendance-analysis/mlp/feedback [request-id: B3879804-96B7-4FE9-A009-02044BFDBA39]
[ INFO ] POST /internal/attendance-analysis/mlp/feedback [request-id: 48E4AE60-EA1A-4664-B62D-F0A555EBE92D]
[ INFO ] POST /internal/attendance-analysis/mlp/run [request-id: A77AFFE9-A43B-4567-9251-134385172A62]
[ INFO ] POST /internal/attendance-analysis/mlp/feedback [request-id: ADD0C3F4-0E6F-4279-8580-C0053588F907]
[ INFO ] POST /internal/attendance-analysis/mlp/feedback [request-id: 43B698E7-8763-4535-BE6B-AA26905658EA]
[ INFO ] POST /internal/attendance-analysis/mlp/feedback [request-id: 0AB3DA94-8D97-4008-9005-721A9E1C4A03]
[ INFO ] POST /internal/attendance-analysis/mlp/feedback [request-id: 3855B23E-F010-4A77-9188-B578C613DE8B]
[ INFO ] POST /internal/attendance-analysis/mlp/feedback [request-id: 024DB3FD-3BB3-44BA-8BA6-12F2C4F507F6]
[ INFO ] POST /internal/attendance-analysis/mlp/feedback [request-id: 9CDB2E7C-6C87-4565-8637-9D6D459403C8]
[ INFO ] POST /internal/attendance-analysis/mlp/feedback [request-id: 62633CF5-443B-4085-ACF4-FCEE3A91E92C]
[ INFO ] POST /internal/attendance-analysis/mlp/feedback [request-id: B6D623A8-F6A7-4C26-BDC9-F57AD8A9CA41]
[ INFO ] POST /internal/attendance-analysis/mlp/feedback [request-id: 9092DE5D-2E4F-4A51-B209-459DE202494B]
[ INFO ] POST /internal/attendance-analysis/mlp/feedback [request-id: EA7EA8CA-D138-4E0F-9739-4347C8415EC2]
[ INFO ] POST /internal/attendance-analysis/mlp/feedback [request-id: BA704D15-FA1E-4432-8432-C4F962DE4489]
[ INFO ] POST /internal/attendance-analysis/mlp/feedback [request-id: 35D69802-CBB2-4FA1-82ED-D4C415A1537D]
[ INFO ] POST /internal/attendance-analysis/mlp/feedback [request-id: 8C8F0910-17CB-425D-A419-99346B009CF5]
[ INFO ] POST /internal/attendance-analysis/mlp/feedback [request-id: F662BC7F-A21B-472C-9F79-8329F176BBED]
[ INFO ] POST /internal/attendance-analysis/mlp/feedback [request-id: 9D724DB5-C80B-4EAB-832F-5E114F8B6EE4]
[ INFO ] POST /internal/attendance-analysis/mlp/feedback [request-id: C9CE81D2-B069-4E08-850C-010FB74AA49E]
[ INFO ] POST /internal/attendance-analysis/mlp/feedback [request-id: 71521A63-8D06-4C20-9434-5F4A87262C5D]
[ INFO ] POST /internal/attendance-analysis/mlp/run [request-id: E06A3536-81E2-4894-9EA9-A064953BFF48]
[ INFO ] POST /internal/attendance-analysis/mlp/feedback [request-id: E355211A-E047-421F-A5D7-9C3B0E701AFF]
[ INFO ] POST /internal/attendance-analysis/mlp/feedback [request-id: D6B921EA-28AC-496C-9EEB-A12F61FF0746]
[ INFO ] POST /internal/attendance-analysis/mlp/feedback [request-id: CAB70F82-448C-4B18-A45B-3023B8909419]
[ INFO ] POST /internal/attendance-analysis/mlp/feedback [request-id: 30C2AC1C-ECA4-4B58-9D4B-4F0F0E212B4B]
[ INFO ] POST /internal/attendance-analysis/mlp/feedback [request-id: 42D9D559-FDB4-4FBC-8141-830E30B2EA63]
[ INFO ] POST /internal/attendance-analysis/mlp/feedback [request-id: A48CBB89-BA63-46BB-B077-F5EB5585BC83]
[ INFO ] POST /internal/attendance-analysis/mlp/feedback [request-id: C30BF2EC-5041-4C2F-9D85-59CF0B54DEA0]
[ INFO ] POST /internal/attendance-analysis/mlp/feedback [request-id: 8D916901-F6FB-4928-8B35-2B8D9B4C3698]
[ INFO ] POST /internal/attendance-analysis/mlp/feedback [request-id: 5F091451-46A4-43F8-8D44-FF7A7289C723]
[ INFO ] POST /internal/attendance-analysis/mlp/feedback [request-id: 77AF6C5B-AFC0-4044-978E-6ED09D1055F7]
[ INFO ] POST /internal/attendance-analysis/mlp/feedback [request-id: EA85E2EF-67CC-44CC-83E0-CF6C384CE9F8]
[ INFO ] POST /internal/attendance-analysis/mlp/feedback [request-id: 5E2EE54C-F51D-4E59-BF26-DD9EDC3A7DC5]
[ INFO ] POST /internal/attendance-analysis/mlp/feedback [request-id: F2939110-4918-45EC-8F15-A271D0CEEC1B]
[ INFO ] POST /internal/attendance-analysis/mlp/feedback [request-id: CC40F52C-D66C-4304-BC6E-60E9656EC1A3]
[ INFO ] POST /internal/attendance-analysis/mlp/feedback [request-id: 34C315E6-5FA5-41E5-A662-CF92BD5EDC1D]
[ INFO ] POST /internal/attendance-analysis/mlp/feedback [request-id: F0FB2B6C-38A6-4445-AF54-AAB19E8C99F0]
[ INFO ] POST /internal/attendance-analysis/mlp/feedback [request-id: 3DE7D3F3-9579-4CD5-A548-1213D01F4705]
[ INFO ] POST /internal/attendance-analysis/mlp/feedback [request-id: FA8E0A52-28D7-4273-BE3F-0FB66D9A4A2C]
[ INFO ] POST /internal/attendance-analysis/mlp/feedback [request-id: A8CABC99-D5B5-4F50-A8A8-7B4CF8639B91]
[ INFO ] POST /internal/attendance-analysis/mlp/feedback [request-id: C56A76A1-49FE-484A-8CDF-4194A7D1436A]
[ INFO ] POST /internal/attendance-analysis/mlp/feedback [request-id: 99DBC3BB-F9D6-46D3-9E9C-BF3A2DECBB0A]
[ INFO ] POST /internal/attendance-analysis/mlp/feedback [request-id: A01C3F46-C462-41BB-8798-6A1E9016307C]
[ INFO ] POST /internal/attendance-analysis/mlp/feedback [request-id: E9CD7B18-7CD0-4F56-B1CC-F0AE9BAC8996]
[ INFO ] POST /internal/attendance-analysis/mlp/run [request-id: 24A7FB1C-EFF7-4E98-8666-D3E4349E4DB6]
[ INFO ] POST /internal/attendance-analysis/mlp/feedback [request-id: C2A66504-796A-4868-B7CA-1843C7ECF267]
[ INFO ] POST /internal/attendance-analysis/mlp/feedback [request-id: 22652503-4638-41FD-AD45-5E8839973DD8]
[ INFO ] POST /internal/attendance-analysis/mlp/feedback [request-id: 5781618B-B900-411B-B07F-8341E47A4069]
[ INFO ] POST /internal/attendance-analysis/mlp/feedback [request-id: B318B23C-0F95-4EFB-8408-489FED1FF5CB]
[ INFO ] POST /internal/attendance-analysis/mlp/feedback [request-id: 6330CF2E-50EA-41A3-BE6E-40F015E771D2]
[ INFO ] POST /internal/attendance-analysis/mlp/feedback [request-id: 86436E05-AA53-4772-A92A-DC128E051BAB]
[ INFO ] POST /internal/attendance-analysis/mlp/feedback [request-id: D2EB612C-8CC9-4222-B396-1E5FF2CCEF4C]
[ INFO ] POST /internal/attendance-analysis/mlp/feedback [request-id: B161F4FF-E3F5-4E75-A5CB-423A23F08331]
[ INFO ] POST /internal/attendance-analysis/mlp/feedback [request-id: 9CEF4BCE-28D3-4F74-A383-0AB772475AE7]
[ INFO ] POST /internal/attendance-analysis/mlp/feedback [request-id: E348C0E0-16A6-4031-9D02-63A5BFDB5E24]
[ INFO ] POST /internal/attendance-analysis/mlp/feedback [request-id: 58EF3AF0-C4C8-482E-AA86-B65C573E8816]
[ INFO ] POST /internal/attendance-analysis/mlp/feedback [request-id: F6A98026-C141-4F08-89DA-C67CEF70F591]
[ INFO ] POST /internal/attendance-analysis/mlp/feedback [request-id: 204C64A1-58A4-4EF7-A173-944C82CEFFA8]
[ INFO ] POST /internal/attendance-analysis/mlp/feedback [request-id: 09EC70E3-0722-41DF-89F6-C56704A94F1A]
[ INFO ] POST /internal/attendance-analysis/mlp/feedback [request-id: D9D59F40-A88E-4DD8-AC8E-2B344313D5D5]
[ INFO ] POST /internal/attendance-analysis/mlp/feedback [request-id: 8CA33741-FB63-41B8-A65F-581E1A922CD8]
[ INFO ] POST /internal/attendance-analysis/mlp/feedback [request-id: 32DE9C8B-1D0F-4431-986F-2C61F211894F]
[ INFO ] POST /internal/attendance-analysis/mlp/feedback [request-id: D3C30935-20E8-4799-AC21-9EA0456D9F2B]
[ INFO ] POST /internal/attendance-analysis/mlp/feedback [request-id: 1CD3000C-7505-427F-8CE8-D5EF575172E6]
[ INFO ] POST /internal/attendance-analysis/mlp/feedback [request-id: CF3C70F3-39F8-4868-90A0-00E9A821A584]
[ INFO ] POST /internal/attendance-analysis/mlp/feedback [request-id: E6EDB0EB-B0C3-49F9-A658-6D10F31FBA30]
[ INFO ] POST /internal/attendance-analysis/mlp/feedback [request-id: 0D448E17-4BAB-4295-A1E8-D47309F3F24E]
[ INFO ] POST /internal/attendance-analysis/mlp/run [request-id: 14D040D9-D321-4FA1-B4B1-430673E8F6EA]
[ INFO ] POST /internal/attendance-analysis/mlp/feedback [request-id: 3D548B50-DDE0-48DE-AC6D-34BC8D2D56A8]
[ INFO ] POST /internal/attendance-analysis/mlp/feedback [request-id: 6B4B8C59-A03C-40A8-8B19-B770A3308189]
[ INFO ] POST /internal/attendance-analysis/mlp/feedback [request-id: 0E48799C-F6B6-4D97-92F6-F42D725B9E87]
[ INFO ] POST /internal/attendance-analysis/mlp/feedback [request-id: 6FABEFFE-B84D-4E3D-A1A2-4144EA405079]
[ INFO ] POST /internal/attendance-analysis/mlp/feedback [request-id: 6D53465A-BA7A-4C37-8273-081075D0CDA6]
[ INFO ] POST /internal/attendance-analysis/mlp/feedback [request-id: 5A98C744-3132-4F7E-BC51-D3EAE09053BF]
[ INFO ] POST /internal/attendance-analysis/mlp/feedback [request-id: 13DE1B07-15A0-486C-B893-0E6EDAE96EFA]
[ INFO ] POST /internal/attendance-analysis/mlp/feedback [request-id: D17239D6-613E-48AB-96E4-64BF235E3E91]
[ INFO ] POST /internal/attendance-analysis/mlp/feedback [request-id: DDD0BD5B-C45F-48B6-82CC-8CE89E6CE3A4]
[ INFO ] POST /internal/attendance-analysis/mlp/feedback [request-id: EFDD387B-2F6E-474B-BE2B-F4D49C20073D]
[ INFO ] POST /internal/attendance-analysis/mlp/feedback [request-id: 8B522A6E-D15D-41DF-8098-3A1D25BBD3FB]
[ INFO ] POST /internal/attendance-analysis/mlp/feedback [request-id: 522EB4EA-004C-40CC-9F45-4C2491196635]
[ INFO ] POST /internal/attendance-analysis/mlp/feedback [request-id: F60C2A3C-281A-4BB0-9D44-D1E06959F96C]
[ INFO ] POST /internal/attendance-analysis/mlp/feedback [request-id: 96200CB8-D656-495D-9AC1-37F42C33C115]
[ INFO ] POST /internal/attendance-analysis/mlp/feedback [request-id: 9A0F29B0-E26C-41C8-B9EA-57B3FD78A31B]
[ INFO ] POST /internal/attendance-analysis/mlp/feedback [request-id: 656F61F5-37B8-447F-980B-0AD46CFF8273]
[ INFO ] POST /internal/attendance-analysis/mlp/feedback [request-id: 5F3B2BC3-BFC8-4258-9A3C-A2D8CE80246F]
[ INFO ] POST /internal/attendance-analysis/mlp/feedback [request-id: 5FC80EB5-2DAC-4185-B8E2-C309E42EF34A]
[ INFO ] POST /internal/attendance-analysis/mlp/feedback [request-id: F1805FB6-285C-4372-A9F6-BBFD5799868D]
[ INFO ] POST /internal/attendance-analysis/mlp/feedback [request-id: 6BF0E404-160B-4469-81DE-7FA938AB049E]
[ INFO ] POST /internal/attendance-analysis/mlp/feedback [request-id: B3C9151B-9409-478B-A00F-A66EBB32B1A3]
[ INFO ] POST /internal/attendance-analysis/mlp/feedback [request-id: 2A58D7C9-45F9-43A9-AA50-3F6A0369992C]
[ INFO ] POST /internal/attendance-analysis/mlp/run [request-id: BC3DEE4F-39B9-43AE-B55E-C215E7E6FA88]
[ INFO ] POST /internal/attendance-analysis/mlp/feedback [request-id: F771237F-277F-49A7-AC45-F90E1B656784]
[ INFO ] POST /internal/attendance-analysis/mlp/feedback [request-id: 23861F9D-07BE-47A8-980F-FE083A60EE36]
[ INFO ] POST /internal/attendance-analysis/mlp/feedback [request-id: E3C1595A-F08C-48A3-8309-0121DC2BDC74]
[ INFO ] POST /internal/attendance-analysis/mlp/feedback [request-id: 35F472CD-1687-45C7-8C1A-25D37833149F]
[ INFO ] POST /internal/attendance-analysis/mlp/feedback [request-id: 58F61369-4E22-4599-BC75-26083CB27052]
[ INFO ] POST /internal/attendance-analysis/mlp/feedback [request-id: 0E427D06-CD20-4C22-8E73-4DA051BE298C]
[ INFO ] POST /internal/attendance-analysis/mlp/feedback [request-id: 26A7A8B5-2643-46A4-9454-56CBA6EDCCEE]
[ INFO ] POST /internal/attendance-analysis/mlp/feedback [request-id: 778F19C1-E6A5-4144-862C-25F43C458FE6]
[ INFO ] POST /internal/attendance-analysis/mlp/feedback [request-id: 9DBC482F-1210-4AA3-AE20-7AEF204B3916]
[ INFO ] POST /internal/attendance-analysis/mlp/feedback [request-id: B4899813-9CE3-49AB-A762-221857E81ADE]
[ INFO ] POST /internal/attendance-analysis/mlp/feedback [request-id: 203B8560-1C57-4538-8347-665348F6290B]
[ INFO ] POST /internal/attendance-analysis/mlp/feedback [request-id: B6749164-845C-491E-AB0B-A857146D2F59]
[ INFO ] POST /internal/attendance-analysis/mlp/feedback [request-id: D5F4A997-11A8-44DD-9162-E31FDE7DCD81]
[ INFO ] POST /internal/attendance-analysis/mlp/feedback [request-id: 79C08AA3-0552-4182-962A-4BAF504E7628]
[ INFO ] POST /internal/attendance-analysis/mlp/feedback [request-id: 23C60F18-F4DB-4940-B668-C8D58369CE71]
[ INFO ] POST /internal/attendance-analysis/mlp/feedback [request-id: 964BFF91-067D-4FF8-8FBC-58B92DB373EB]
[ INFO ] POST /internal/attendance-analysis/mlp/run [request-id: 017FD43F-EAF1-471F-856B-FFACEC5DCC89]
[ INFO ] POST /internal/attendance-analysis/mlp/feedback [request-id: 6DFD2312-9C5A-43BE-B773-44DE97442EA6]
[ INFO ] POST /internal/attendance-analysis/mlp/feedback [request-id: 7D7B32D7-65D0-40E4-B9E0-527561E29934]
[ INFO ] POST /internal/attendance-analysis/mlp/feedback [request-id: A648EDB2-8615-449A-821E-E490E259F2C5]
[ INFO ] POST /internal/attendance-analysis/mlp/feedback [request-id: EE55EA9B-19D3-462F-91E6-F4F65428B761]
[ INFO ] POST /internal/attendance-analysis/mlp/feedback [request-id: 9AB2E9F1-30F8-4F2F-822C-B5FF8F129542]
[ INFO ] POST /internal/attendance-analysis/mlp/feedback [request-id: 7D1D271E-896E-4FF5-8F1C-0D39B4073AB1]
[ INFO ] POST /internal/attendance-analysis/mlp/feedback [request-id: E00CEF0F-8685-48ED-8522-D19A6172F5C3]
[ INFO ] POST /internal/attendance-analysis/mlp/feedback [request-id: 462A2F83-14B8-4AB5-93B9-BE78F69CEA1C]
[ INFO ] POST /internal/attendance-analysis/mlp/feedback [request-id: B9DF5F60-FB26-48AB-9197-152529BB1565]
[ INFO ] POST /internal/attendance-analysis/mlp/feedback [request-id: 31A81CE9-2EF6-41F0-987C-52B47BF6E502]
[ INFO ] POST /internal/attendance-analysis/mlp/feedback [request-id: 0700E140-108A-47B3-8F19-19F1D1027102]
[ INFO ] POST /internal/attendance-analysis/mlp/feedback [request-id: D26DB414-D280-42FB-873E-CB17529D5C37]
[ INFO ] POST /internal/attendance-analysis/mlp/feedback [request-id: D4CA5891-F5D5-41A2-A0E0-91A306C98C4B]
[ INFO ] POST /internal/attendance-analysis/mlp/feedback [request-id: 0EB5EF0F-3B2B-4F2E-BAA8-B95C186F8A43]
[ INFO ] POST /internal/attendance-analysis/mlp/feedback [request-id: 2B5DB48C-FA58-472D-BAF8-F065757CDE7F]
[ INFO ] POST /internal/attendance-analysis/mlp/feedback [request-id: C2107C50-7BC5-4991-98AA-AF76ABAAE91A]
[ INFO ] POST /internal/attendance-analysis/mlp/run [request-id: 2C05C959-FB86-4F5A-B30D-DB89AB5CA82E]
[ INFO ] POST /internal/attendance-analysis/mlp/feedback [request-id: 99D5C099-77B0-4B4F-B20B-F295FCE8FBC4]
[ INFO ] POST /internal/attendance-analysis/mlp/feedback [request-id: EBDCEF47-22F8-48CB-820F-FB594C5EE8EA]
[ INFO ] POST /internal/attendance-analysis/mlp/feedback [request-id: 9B1C2F88-9A0C-47CD-9971-1DB9D3D8C77B]
[ INFO ] POST /internal/attendance-analysis/mlp/feedback [request-id: B7AE07E9-71C5-4F12-B749-D1EFC5D04FBF]
[ INFO ] POST /internal/attendance-analysis/mlp/feedback [request-id: D0EC2D21-639E-4C6F-B348-A197A94C6D7A]
[ INFO ] POST /internal/attendance-analysis/mlp/feedback [request-id: 3EA65D0F-F013-4607-8B7E-B49ACB398EF0]
[ INFO ] POST /internal/attendance-analysis/mlp/feedback [request-id: 66A49E79-6794-4F86-BF8E-6546D45BBDC8]
[ INFO ] POST /internal/attendance-analysis/mlp/feedback [request-id: EE8B41B0-8C03-46FB-8D3B-C51840214B76]
[ INFO ] POST /internal/attendance-analysis/mlp/feedback [request-id: 28432ED1-53B3-4F19-A688-DA14F991C2D9]
[ INFO ] POST /internal/attendance-analysis/mlp/feedback [request-id: 5239E6B5-53A7-4FD2-B5C2-F7951DAE506F]
[ INFO ] POST /internal/attendance-analysis/mlp/feedback [request-id: D77180A5-1256-4D68-8C62-6355076FD82C]
[ INFO ] POST /internal/attendance-analysis/mlp/feedback [request-id: 501231F3-9F88-4711-B3A5-626710CFC181]
[ INFO ] POST /internal/attendance-analysis/mlp/feedback [request-id: A3E56B24-E08B-4090-9153-93D86659DFCB]
[ INFO ] POST /internal/attendance-analysis/mlp/feedback [request-id: 7AC578C5-77EC-4BC7-88B8-3A9750F3282B]
[ INFO ] POST /internal/attendance-analysis/mlp/feedback [request-id: BBE6C814-0094-412D-AD29-6A566F86C69D]
[ INFO ] POST /internal/attendance-analysis/mlp/feedback [request-id: C42326BF-5DB0-4D64-8C3C-EE00E9A195D8]
[ INFO ] POST /internal/attendance-analysis/mlp/feedback [request-id: 439FE070-D8FF-44C5-A0ED-9ECC4CC19DC9]
[ INFO ] POST /internal/attendance-analysis/mlp/feedback [request-id: 3F467898-2990-4B72-9D30-C50889AFE798]
[ INFO ] POST /internal/attendance-analysis/mlp/feedback [request-id: 06B7613D-BFF3-4572-BF17-96FA3A1B808E]
[ INFO ] POST /internal/attendance-analysis/mlp/feedback [request-id: D70530A6-68A9-4EAC-84E1-54CC398532FB]
[ INFO ] POST /internal/attendance-analysis/mlp/feedback [request-id: D638D283-A0FD-46B4-90F1-2A27CC57BF48]
[ INFO ] POST /internal/attendance-analysis/mlp/feedback [request-id: 77580985-0941-4E12-9B93-35FE3C5600F1]
[ INFO ] POST /internal/attendance-analysis/mlp/feedback [request-id: 11D91855-15AA-40A4-9E5F-D5E387FF5BBB]
[ INFO ] POST /internal/attendance-analysis/mlp/run [request-id: ED210952-1023-41C9-AFD1-5EF6FF238860]
[ INFO ] POST /internal/attendance-analysis/mlp/feedback [request-id: 001662C1-D9AB-429A-A6DC-A21064F1CA53]
[ INFO ] POST /internal/attendance-analysis/mlp/feedback [request-id: 17658E3E-7DE9-4F5E-B5C3-B76920EEC9C1]
[ INFO ] POST /internal/attendance-analysis/mlp/feedback [request-id: 039EFB5F-643A-473D-831C-9857A17527AD]
[ INFO ] POST /internal/attendance-analysis/mlp/feedback [request-id: 228CD50A-586F-4438-B463-04A3F150D46A]
[ INFO ] POST /internal/attendance-analysis/mlp/feedback [request-id: 47E419A1-7D05-44A9-A0B8-C87DDABC6225]
[ INFO ] POST /internal/attendance-analysis/mlp/feedback [request-id: 830F5BBC-B404-4B1B-9635-7FAC0D9BCED4]
[ INFO ] POST /internal/attendance-analysis/mlp/feedback [request-id: 1FEA3D9B-BA46-4C78-B1F1-4AA010C1D9F2]
[ INFO ] POST /internal/attendance-analysis/mlp/feedback [request-id: 029649BA-BF15-49C5-8D31-D49FD199E18F]
[ INFO ] POST /internal/attendance-analysis/mlp/feedback [request-id: B188D0AC-E204-487B-9FD8-49C2DC4D48F4]
[ INFO ] POST /internal/attendance-analysis/mlp/feedback [request-id: 2653E8BA-E19C-469D-B943-47A21A04E249]
[ INFO ] POST /internal/attendance-analysis/mlp/feedback [request-id: 119FB3FA-3DD0-4931-AE41-7CE78EA10A51]
[ INFO ] POST /internal/attendance-analysis/mlp/feedback [request-id: F849CA4B-CDD1-4C40-AC3B-CF89AE1E48C7]
[ INFO ] POST /internal/attendance-analysis/mlp/feedback [request-id: D14E0E3C-7474-4583-85C1-BC91DF9AB206]
[ INFO ] POST /internal/attendance-analysis/mlp/feedback [request-id: AFEF7AA3-40D3-4640-9BC0-7B7BBF9CD863]
[ INFO ] POST /internal/attendance-analysis/mlp/feedback [request-id: F57ED2AB-670F-484A-93E2-DEC6A0F67FDF]
[ INFO ] POST /internal/attendance-analysis/mlp/feedback [request-id: 60987C76-3013-4C50-9452-334A7DAED167]
[ INFO ] POST /internal/attendance-analysis/mlp/feedback [request-id: 566D2D7A-472E-494F-9AE8-B5F8CC1A191E]
[ INFO ] POST /internal/attendance-analysis/mlp/feedback [request-id: FD0A1F0E-2533-44ED-9A73-0406DC3A2E1B]
[ INFO ] POST /internal/attendance-analysis/mlp/feedback [request-id: C954259B-F94A-45D0-8E3A-1128A5EAE4A3]
[ INFO ] POST /internal/attendance-analysis/mlp/feedback [request-id: FD0FA268-01EF-491F-892B-8C15990DAF9F]
[ INFO ] POST /internal/attendance-analysis/mlp/feedback [request-id: 808EBE2D-03E7-4C9F-85C3-1E68F75B2394]
[ INFO ] POST /internal/attendance-analysis/mlp/feedback [request-id: F93185E6-B1D8-4477-9F63-722AACD87BA7]
[ INFO ] POST /internal/attendance-analysis/mlp/run [request-id: 45E2E2B3-A6C4-4CF9-B62A-0DAF83AB8D78]
[ INFO ] POST /internal/attendance-analysis/mlp/feedback [request-id: 7051D134-90DC-46E7-B57C-B20D8AD00D93]
[ INFO ] POST /internal/attendance-analysis/mlp/feedback [request-id: 3C48F772-7A4B-4A84-BF90-7C85E0CFFAF4]
[ INFO ] POST /internal/attendance-analysis/mlp/feedback [request-id: 9F5568BB-58CB-4327-B027-B03BC1CEBE6F]
[ INFO ] POST /internal/attendance-analysis/mlp/feedback [request-id: 9712A898-FBA7-4EEC-877A-87F9C1BC59CC]
[ INFO ] POST /internal/attendance-analysis/mlp/feedback [request-id: B2C8C3D5-11BA-468B-9853-F3EEBBF66576]
[ INFO ] POST /internal/attendance-analysis/mlp/feedback [request-id: 8CC8D1C1-3527-4E4F-A3D5-8586D1D376D5]
[ INFO ] POST /internal/attendance-analysis/mlp/feedback [request-id: 4C75F551-A55E-4BF8-AB9E-E656824E0E99]
[ INFO ] POST /internal/attendance-analysis/mlp/feedback [request-id: 5FF16922-80E4-4D0D-8DF6-0EAC8A3A8B33]
[ INFO ] POST /internal/attendance-analysis/mlp/feedback [request-id: 65B9B82B-C253-47DE-BC58-5FEAB31C3532]
[ INFO ] POST /internal/attendance-analysis/mlp/feedback [request-id: 4A573BAF-2D5B-4AA6-BAA9-D12C5A2766A4]
[ INFO ] POST /internal/attendance-analysis/mlp/feedback [request-id: D5E24BD4-6B06-4DD0-AD8A-9288495144AB]
[ INFO ] POST /internal/attendance-analysis/mlp/feedback [request-id: AF984D19-CCE5-401B-B1EB-13665680C095]
[ INFO ] POST /internal/attendance-analysis/mlp/feedback [request-id: 642912B3-5327-412F-BA6B-41A3C1B69BFF]
[ INFO ] POST /internal/attendance-analysis/mlp/feedback [request-id: 837D8C81-4D20-4923-BAEA-FB35AC7D95EF]
[ INFO ] POST /internal/attendance-analysis/mlp/feedback [request-id: 61BA3CD1-43FC-4425-9217-FDB64385712F]
[ INFO ] POST /internal/attendance-analysis/mlp/feedback [request-id: 23FF5D5E-05EB-45C9-A1B9-CC32D435DD9B]
[ INFO ] POST /internal/attendance-analysis/mlp/feedback [request-id: 5C748497-3618-4140-8098-0761590473D9]
[ INFO ] POST /internal/attendance-analysis/mlp/feedback [request-id: 0A60801A-492D-45F8-B04D-22CEE023BEFC]
[ INFO ] POST /internal/attendance-analysis/mlp/feedback [request-id: BAB642A1-0427-4561-BEA2-7BEBA2C85B6C]
[ INFO ] POST /internal/attendance-analysis/mlp/feedback [request-id: 2B501031-825E-46BC-B060-F2AFB1A3E024]
[ INFO ] POST /internal/attendance-analysis/mlp/feedback [request-id: FED3D709-3D74-4243-896B-4634BF6593B1]
[ INFO ] POST /internal/attendance-analysis/mlp/feedback [request-id: 5B0B77F1-4224-48A8-BCF5-9D5FBCF55BB4]
[ INFO ] POST /internal/attendance-analysis/mlp/run [request-id: B23B3D96-2864-46CF-AE72-208B8AC023CC]
[ INFO ] POST /internal/attendance-analysis/mlp/feedback [request-id: 8BDD6E49-9404-4C53-A32D-41E3B47A4706]
[ INFO ] POST /internal/attendance-analysis/mlp/feedback [request-id: 69E76460-9E34-4532-9589-037B4220D23B]
[ INFO ] POST /internal/attendance-analysis/mlp/feedback [request-id: 4B4185AA-82C8-46E0-95DC-E647C7B01CD7]
[ INFO ] POST /internal/attendance-analysis/mlp/feedback [request-id: DE51865F-0726-446D-B9D2-788C7A98F286]
[ INFO ] POST /internal/attendance-analysis/mlp/feedback [request-id: 13F72E2D-350D-4C67-BF9A-3B8D24160E5C]
[ INFO ] POST /internal/attendance-analysis/mlp/feedback [request-id: 00B49D9E-8053-453F-A941-C29560600EDC]
[ INFO ] POST /internal/attendance-analysis/mlp/feedback [request-id: C8359328-AC20-42AF-8FA8-0E1AA3BD6776]
[ INFO ] POST /internal/attendance-analysis/mlp/feedback [request-id: D426E887-3087-490B-898F-E393E117EBC7]
[ INFO ] POST /internal/attendance-analysis/mlp/feedback [request-id: F663DD11-80F4-49F0-B9B8-69BF98BD46F4]
[ INFO ] POST /internal/attendance-analysis/mlp/feedback [request-id: EF8DEE97-4E8B-448D-83BA-76834A8C219F]
[ INFO ] POST /internal/attendance-analysis/mlp/feedback [request-id: B67703D6-1239-4B47-89D9-3B89C93DDF0F]
[ INFO ] POST /internal/attendance-analysis/mlp/feedback [request-id: 11255702-3A93-4D2C-8004-452F868B5696]
[ INFO ] POST /internal/attendance-analysis/mlp/feedback [request-id: B2FB413D-E831-40A1-9553-FC84C6442494]
[ INFO ] POST /internal/attendance-analysis/mlp/feedback [request-id: F0065854-046A-48DA-B732-DFB94693EC76]
[ INFO ] POST /internal/attendance-analysis/mlp/feedback [request-id: 95BEC84F-D1FB-4871-B8A0-82DCC93497EC]
[ INFO ] POST /internal/attendance-analysis/mlp/feedback [request-id: 190E0276-FED3-4844-8914-81955C556F9B]
[ INFO ] POST /internal/attendance-analysis/mlp/feedback [request-id: D7FE1717-2E7D-4B65-9D6F-6B837AB16C99]
[ INFO ] POST /internal/attendance-analysis/mlp/feedback [request-id: 57FAA009-B0DC-439F-9E1F-53F13DFB731C]
[ INFO ] POST /internal/attendance-analysis/mlp/feedback [request-id: 1F695D53-BE5D-4DDF-A362-6767B489A317]
[ INFO ] POST /internal/attendance-analysis/mlp/run [request-id: 799C9A2D-022D-41CA-B21A-B5D92DBFB009]
[ INFO ] POST /internal/attendance-analysis/mlp/feedback [request-id: 2268FCEA-AD64-4BAF-BEE5-F4FA8E8F95B7]
[ INFO ] POST /internal/attendance-analysis/mlp/feedback [request-id: D2A2BA8F-26DA-4B0B-BFF4-4A29E2930B7E]
[ INFO ] POST /internal/attendance-analysis/mlp/feedback [request-id: F2D28AC3-ABDF-4DBB-9160-BF98364685D2]
[ INFO ] POST /internal/attendance-analysis/mlp/feedback [request-id: 349FA108-59C5-488C-9628-0EB7362825B7]
[ INFO ] POST /internal/attendance-analysis/mlp/feedback [request-id: 493E0157-8E00-488C-9660-8DA6807D4F72]
[ INFO ] POST /internal/attendance-analysis/mlp/feedback [request-id: 5F24C543-6CDD-4C49-A87B-63516707A257]
[ INFO ] POST /internal/attendance-analysis/mlp/feedback [request-id: 759C6D76-BD25-430C-AF2D-3F9BD2174269]
[ INFO ] POST /internal/attendance-analysis/mlp/feedback [request-id: CBD2353C-F446-4692-8E58-69DE3412E68C]
[ INFO ] POST /internal/attendance-analysis/mlp/feedback [request-id: 31BC53C2-6E97-4058-9EDF-4FDEA2DC4580]
[ INFO ] POST /internal/attendance-analysis/mlp/feedback [request-id: A487BB37-4D97-44C6-8A99-5BEFF9DA26D5]
[ INFO ] POST /internal/attendance-analysis/mlp/feedback [request-id: 077D6E0C-AF0B-4278-AE61-438EC59A7191]
[ INFO ] POST /internal/attendance-analysis/mlp/feedback [request-id: DCEF7AD7-5AC5-4788-AF98-FBE44ACD29BE]
[ INFO ] POST /internal/attendance-analysis/mlp/feedback [request-id: 17B44334-B3C3-45B5-A1D6-EC5C25137A0A]
[ INFO ] POST /internal/attendance-analysis/mlp/feedback [request-id: A5353254-3F7B-40E3-941D-AE9C755B6B3B]
[ INFO ] POST /internal/attendance-analysis/mlp/feedback [request-id: 3208D996-1BDA-4186-9DB8-B3C55CE817D9]
[ INFO ] POST /internal/attendance-analysis/mlp/feedback [request-id: 253EDA36-C6D2-499F-B064-AE29C8EC012F]
[ INFO ] POST /internal/attendance-analysis/mlp/feedback [request-id: 41E8A2C6-6BE7-4D18-9A5E-3E904F202E33]
[ INFO ] POST /internal/attendance-analysis/mlp/feedback [request-id: 9A6587A3-3331-49A4-BDDC-AC16A98FBA5D]
[ INFO ] POST /internal/attendance-analysis/mlp/feedback [request-id: 6D9A5B77-3DD8-418F-8880-58F9603E39DB]
[ INFO ] POST /internal/attendance-analysis/mlp/feedback [request-id: 722180E9-EABB-490B-BD43-07DB5D1C9D28]
[ INFO ] POST /internal/attendance-analysis/mlp/feedback [request-id: 80F2B23D-C7D0-4B1B-BFEE-0CCA6FE88FCA]
[ INFO ] POST /internal/attendance-analysis/mlp/feedback [request-id: 2B1DBFB3-185A-41E4-9DDC-6D680AAA8D98]
[ INFO ] POST /internal/attendance-analysis/mlp/feedback [request-id: 0F1EBA9F-1AAC-4CA8-946A-D27C2EA070E5]
[ INFO ] POST /internal/attendance-analysis/mlp/run [request-id: C8969E76-D3D2-4B6E-A6B4-6B4CEB14BA77]
[ INFO ] POST /internal/attendance-analysis/mlp/feedback [request-id: 3B08CE0F-DF9F-4B73-88EE-AC9C7900A600]
[ INFO ] POST /internal/attendance-analysis/mlp/feedback [request-id: 6C3023C3-304F-4B38-9FE3-396DFAFC5CEB]
[ INFO ] POST /internal/attendance-analysis/mlp/feedback [request-id: 3BD95C37-6894-42E6-8206-63BC4223A073]
[ INFO ] POST /internal/attendance-analysis/mlp/feedback [request-id: D8D934F6-73EF-47E4-895A-2711B3A679E1]
[ INFO ] POST /internal/attendance-analysis/mlp/feedback [request-id: B4B9BCBC-1ED3-43C8-8A42-4E21647663A4]
[ INFO ] POST /internal/attendance-analysis/mlp/feedback [request-id: 34AE92E3-47B7-4D71-A61B-B631A35F6BD8]
[ INFO ] POST /internal/attendance-analysis/mlp/feedback [request-id: 1B17828D-59CD-4896-88C1-103A0841D5D1]
[ INFO ] POST /internal/attendance-analysis/mlp/feedback [request-id: 29600522-F175-4654-A6C9-CD837F7004FF]
[ INFO ] POST /internal/attendance-analysis/mlp/feedback [request-id: C41BE977-C638-4EFE-B25E-A7EB22942ACF]
[ INFO ] POST /internal/attendance-analysis/mlp/feedback [request-id: 67D76151-92E4-4736-B358-7866116259B1]
[ INFO ] POST /internal/attendance-analysis/mlp/feedback [request-id: 9FE084C3-5214-46BE-AA1F-B576900D5E42]
[ INFO ] POST /internal/attendance-analysis/mlp/feedback [request-id: 59773568-0B67-4FF0-9D8D-D74E28D5EBF0]
[ INFO ] POST /internal/attendance-analysis/mlp/feedback [request-id: A8FAC9E5-EECD-417D-BD96-55F788E89154]
[ INFO ] POST /internal/attendance-analysis/mlp/feedback [request-id: C9D05855-3972-4FC0-8BD0-927A77BAB82D]
[ INFO ] POST /internal/attendance-analysis/mlp/feedback [request-id: 3AC38254-AEEC-49A2-9D13-0B9D400615D1]
[ INFO ] POST /internal/attendance-analysis/mlp/run [request-id: C0EF0355-69A7-4DC8-8BB6-136A5BBBEA95]
[ INFO ] POST /internal/attendance-analysis/mlp/feedback [request-id: 75F49EE7-C3CF-46A8-9293-F57535C7C24D]
[ INFO ] POST /internal/attendance-analysis/mlp/feedback [request-id: 4B7E8661-66C9-403E-B9D1-156F1E1F9CF9]
[ INFO ] POST /internal/attendance-analysis/mlp/feedback [request-id: CB992BA8-269A-41CB-A8D3-4ED3C45BEC97]
[ INFO ] POST /internal/attendance-analysis/mlp/feedback [request-id: 0E8F4208-FF10-4D64-9CF8-BF66B874AEA7]
[ INFO ] POST /internal/attendance-analysis/mlp/feedback [request-id: CA40B8B6-3029-4E23-AD21-875561BFE0E9]
[ INFO ] POST /internal/attendance-analysis/mlp/feedback [request-id: CA8A87DC-F124-4B0B-8F8E-D857D7BF33E1]
[ INFO ] POST /internal/attendance-analysis/mlp/feedback [request-id: 10038A51-1373-4D56-AFF2-A53DCB9A60C0]
[ INFO ] POST /internal/attendance-analysis/mlp/feedback [request-id: 28791128-236B-4EF6-B109-9283B2E2CD9C]
[ INFO ] POST /internal/attendance-analysis/mlp/feedback [request-id: CC7122E0-6F78-4D08-9D22-99E797F1FB2F]
[ INFO ] POST /internal/attendance-analysis/mlp/feedback [request-id: FB9349EF-A372-425B-AE3D-EF71B44467A4]
[ INFO ] POST /internal/attendance-analysis/mlp/feedback [request-id: 1E51747E-D244-4EAE-9D48-3C10D5FA02BB]
[ INFO ] POST /internal/attendance-analysis/mlp/feedback [request-id: 6B7049BA-F029-4179-9891-940DB699D5F5]
[ INFO ] POST /internal/attendance-analysis/mlp/feedback [request-id: 17A2F5EF-C794-416B-951D-BFC350689E8F]
[ INFO ] POST /internal/attendance-analysis/mlp/feedback [request-id: 4708E9CB-E833-45C5-AE1F-7313CFDCF706]
[ INFO ] POST /internal/attendance-analysis/mlp/feedback [request-id: 3D8C50A2-9E0F-469F-BB04-7C5B4235B06E]
[ INFO ] POST /internal/attendance-analysis/mlp/feedback [request-id: 294FE467-991E-41F8-A06C-E14AD0A6C723]
[ INFO ] POST /internal/attendance-analysis/mlp/feedback [request-id: 4EA2F1D8-8FD8-41D6-8B51-6B6B6E5A9C7D]
[ INFO ] POST /internal/attendance-analysis/mlp/feedback [request-id: D48AC6F9-CB1F-4159-A163-D5303B057589]
[ INFO ] POST /internal/attendance-analysis/mlp/feedback [request-id: CA0974A4-D3C8-4FBF-BD2D-59ACE2153C28]
[ INFO ] POST /internal/attendance-analysis/mlp/feedback [request-id: C953AAA6-E13B-4662-8412-9E80593029FF]
[ INFO ] POST /internal/attendance-analysis/mlp/feedback [request-id: 8FEACF40-FC19-406C-BEE6-1403CFD95EF8]
[ INFO ] POST /internal/attendance-analysis/mlp/feedback [request-id: B60E72CF-64F1-483B-B656-8BA80AB12E3F]
[ INFO ] POST /internal/attendance-analysis/mlp/feedback [request-id: 3A9E31FB-A729-41ED-853A-C18F379A6053]
[ INFO ] POST /internal/attendance-analysis/mlp/run [request-id: 65BF9FA8-A326-42A5-BFF4-9BF42D3828A8]
[ INFO ] POST /internal/attendance-analysis/mlp/feedback [request-id: 08BA939D-7246-43AF-BDC4-FD9B625CA05B]
[ INFO ] POST /internal/attendance-analysis/mlp/feedback [request-id: D79C6F14-354C-4B7B-B523-0D10049DBA60]
[ INFO ] POST /internal/attendance-analysis/mlp/feedback [request-id: C1B2B8CE-980B-46C6-AF01-570AAD0A6613]
[ INFO ] POST /internal/attendance-analysis/mlp/feedback [request-id: 338AFBBF-97FC-4DFA-96B8-D39CE77D1FED]
[ INFO ] POST /internal/attendance-analysis/mlp/feedback [request-id: 7BE648DA-E373-459F-A583-D61F362AC070]
[ INFO ] POST /internal/attendance-analysis/mlp/feedback [request-id: 5EC7606F-3DE1-4BCE-A43C-2C7AE64CEEFA]
[ INFO ] POST /internal/attendance-analysis/mlp/feedback [request-id: 16369240-36CF-4689-8B8E-FF94DB96B754]
[ INFO ] POST /internal/attendance-analysis/mlp/feedback [request-id: 627D61CD-B292-4F69-B9F2-B31A2EF40EB7]
[ INFO ] POST /internal/attendance-analysis/mlp/feedback [request-id: A8C530A0-4B49-4BB5-8178-C20F67029B07]
[ INFO ] POST /internal/attendance-analysis/mlp/feedback [request-id: 4EF6EFB2-1672-4FDD-A0D5-D0A56E848BEC]
[ INFO ] POST /internal/attendance-analysis/mlp/feedback [request-id: 1D704379-D0E9-452F-898E-C93F2B8A0500]
[ INFO ] POST /internal/attendance-analysis/mlp/feedback [request-id: 2AD2BEFE-DB48-493F-A2D4-4DE99D206412]
[ INFO ] POST /internal/attendance-analysis/mlp/feedback [request-id: 5B7E35EA-3D35-4F30-85AF-15957E3B65A9]
[ INFO ] POST /internal/attendance-analysis/mlp/feedback [request-id: 3B675437-CA14-48D2-BFD3-830280CF3FA8]
[ INFO ] POST /internal/attendance-analysis/mlp/feedback [request-id: 7D4BECC1-5F0B-4461-9C3A-06B53FA9AEE5]
[ INFO ] POST /internal/attendance-analysis/mlp/feedback [request-id: 0E42306B-E21E-4ED7-9F89-813E03FA028E]
[ INFO ] POST /internal/attendance-analysis/mlp/run [request-id: 6C50A761-E886-4CE4-B154-3F11B5BE3F30]
[ INFO ] POST /internal/attendance-analysis/mlp/feedback [request-id: 5ED37FC4-301D-4119-A822-09CA53EEDB86]
[ INFO ] POST /internal/attendance-analysis/mlp/feedback [request-id: 7753484D-5A17-400E-A851-17F53D13B6C6]
[ INFO ] POST /internal/attendance-analysis/mlp/feedback [request-id: 771D6E36-ED81-419F-82C0-92D215FF2BC1]
[ INFO ] POST /internal/attendance-analysis/mlp/run [request-id: 296E9E4E-D1FE-4175-88DA-B84A8336735B]
[ INFO ] POST /internal/attendance-analysis/mlp/run [request-id: 2327337D-B7B2-4B1D-98FB-2DE0FA2D48A0]
[ INFO ] POST /internal/attendance-analysis/mlp/run [request-id: EC120092-4297-45DE-9BBB-CD84C43DB4A8]
[ INFO ] POST /internal/attendance-analysis/mlp/run [request-id: 7F21C034-94AB-4E4E-B534-0BDB358450FB]
[ INFO ] POST /internal/attendance-analysis/mlp/run [request-id: 98D03628-3F83-478B-BF16-7FBFBCEF6D43]
[ INFO ] POST /internal/attendance-analysis/mlp/run [request-id: 87D777B5-0691-4234-B0A2-6685430C9853]
[ INFO ] POST /internal/attendance-analysis/mlp/run [request-id: 1B9BBA5E-1F6B-425A-B439-4B57EE877B0C]
[ INFO ] POST /internal/attendance-analysis/mlp/run [request-id: E60CF3F3-3824-4771-B5AE-8DFC1B94FBF9]
[ INFO ] POST /internal/attendance-analysis/mlp/run [request-id: 35987883-68E9-4302-BBC7-2016452A5A0A]
[ INFO ] POST /internal/attendance-analysis/mlp/run [request-id: A8D02911-B607-4BC6-9134-3AB83ED5F3E7]
[ INFO ] POST /internal/attendance-analysis/mlp/run [request-id: 53F95F3C-342C-45E3-9ED2-78BC8A324CBC]
[ INFO ] POST /internal/attendance-analysis/mlp/run [request-id: 091DCA28-B696-4293-91CC-4F208943576F]
[ INFO ] POST /internal/attendance-analysis/mlp/run [request-id: 66052E67-1B1A-4E2E-9FDC-B74F3CB935C3]
[ INFO ] POST /internal/attendance-analysis/mlp/run [request-id: FDB7863D-0AE9-4D80-842A-C9FB2D5B2758]
[ INFO ] POST /internal/attendance-analysis/mlp/run [request-id: 53E0E8BA-59B8-45EF-9AE0-787C7783F95D]
[ INFO ] POST /internal/attendance-analysis/mlp/run [request-id: 7AC0F891-040F-48A1-A600-060BB739C0C2]
[ INFO ] POST /internal/attendance-analysis/mlp/run [request-id: C4A0A95E-8426-4371-A8C4-49B045C8A4EA]
[ INFO ] POST /internal/attendance-analysis/mlp/run [request-id: 55DCB325-52E9-44B9-9639-A293353FAB9C]
[ INFO ] POST /internal/attendance-analysis/mlp/run [request-id: 9957D3B6-390C-4CC7-930E-C7F7A77B04CA]
[ INFO ] POST /internal/attendance-analysis/mlp/run [request-id: 0B433B95-244B-498E-9A29-127A1A2858F0]
[ INFO ] POST /internal/attendance-analysis/mlp/run [request-id: 44ED4888-DC51-430C-BEE8-C3EB65B3FE94]
[ INFO ] POST /internal/attendance-analysis/mlp/run [request-id: 186ED686-6C02-44BC-ACCB-2BAB16141E73]
[ INFO ] POST /internal/attendance-analysis/mlp/run [request-id: ACBB06E3-C4EF-4AD9-8779-003785A7E3E6]
[ INFO ] POST /internal/attendance-analysis/mlp/run [request-id: F83C2478-E1F4-4715-895A-7795F647396B]
[ INFO ] POST /internal/attendance-analysis/mlp/run [request-id: 69B73049-54D1-4737-A521-A000C5BFA45B]
[ INFO ] POST /internal/attendance-analysis/mlp/run [request-id: 785C9908-AB41-4FB5-B904-13B722301DA1]
[ INFO ] POST /internal/attendance-analysis/mlp/run [request-id: 977C3E62-2C21-4326-925B-CFE7118D36EC]
[ INFO ] GET /auth/getToken [request-id: 02CE2143-AFB8-45D1-B02A-C72F5683C87A]
[ INFO ] POST /internal/attendance-analysis/mlp/run [request-id: 99BF748D-78DE-46AD-8186-CD17251A0CFC]
[ INFO ] POST /internal/attendance-analysis/mlp/run [request-id: 5736BF09-69E3-4D3A-AD66-90CE6BFF6984]
[ INFO ] POST /internal/attendance-analysis/mlp/run [request-id: 6535D062-5F13-4CFB-99FB-1962D08E599A]
[ INFO ] POST /internal/attendance-analysis/mlp/run [request-id: F089DAC8-8059-4DCB-B7A6-152697D399D8]
[ INFO ] POST /internal/attendance-analysis/mlp/run [request-id: 0CA3BE8D-D7EE-4966-B394-2257C00287E4]
[ INFO ] POST /internal/attendance-analysis/mlp/run [request-id: BF78ACB5-1C97-48D6-ACED-3992B72E3A77]
[ INFO ] POST /internal/attendance-analysis/mlp/run [request-id: 0977FE0C-696E-4AF3-AB22-1ADD7BFA1550]
[ INFO ] POST /internal/attendance-analysis/mlp/run [request-id: 6090B26B-1B9D-4335-B2F0-1A223E0F2140]
[ INFO ] POST /internal/attendance-analysis/mlp/run [request-id: 80A796C1-0E6A-47BC-8693-32401EFF6D10]
[ INFO ] POST /internal/attendance-analysis/mlp/run [request-id: AA847101-25CA-4DC2-BACA-17817B196F95]
[ INFO ] POST /internal/attendance-analysis/mlp/run [request-id: CF0C9D35-3952-4A37-A582-747DE1F32187]
[ INFO ] POST /internal/attendance-analysis/mlp/run [request-id: B6566494-A292-43FC-8B1F-72748E59E46B]
[ INFO ] POST /internal/attendance-analysis/mlp/run [request-id: 927A78E1-7658-4722-A853-4718701D89EC]
[ INFO ] POST /internal/attendance-analysis/mlp/run [request-id: 03342DE2-F311-43E8-A68F-603DDA078736]
[ INFO ] GET /auth/getToken [request-id: 7CF6A935-EF5D-4FC4-896A-64B958DFB971]
[ INFO ] POST /internal/attendance-analysis/mlp/feedback [request-id: 0853155F-5926-4537-B854-994C46CD3B1B]
[ INFO ] POST /internal/attendance-analysis/mlp/feedback [request-id: A43C7C02-2EE8-4E91-A0D6-B3B92121BCD7]
[ INFO ] POST /internal/attendance-analysis/mlp/feedback [request-id: 6883C1A8-3193-4279-A8DD-179B5C6D0710]
[ INFO ] POST /internal/attendance-analysis/mlp/feedback [request-id: 42B876C8-E001-4CFF-A2BC-95BE380F7FC7]
[ INFO ] POST /internal/attendance-analysis/mlp/feedback [request-id: 25F8F66D-485D-4843-BFD7-47F8F4B3671C]
[ INFO ] POST /internal/attendance-analysis/mlp/feedback [request-id: EE469F6B-0217-44CC-BC68-1827446F086A]
[ INFO ] POST /internal/attendance-analysis/mlp/feedback [request-id: 24B5CA7C-06B8-4685-B8BF-85E51E054D3F]
[ INFO ] POST /internal/attendance-analysis/mlp/feedback [request-id: ECCE1BD6-909B-495A-919A-3F8DAB131CAA]
[ INFO ] POST /internal/attendance-analysis/mlp/feedback [request-id: E8869AB2-F102-4A70-BDD7-1CC0AE30D475]
[ INFO ] POST /internal/attendance-analysis/mlp/feedback [request-id: 9362FCD1-6673-459E-9630-4D459FCF176D]
[ INFO ] POST /internal/attendance-analysis/mlp/feedback [request-id: FE3B6E74-781B-40F1-A73D-199898C04734]
[ INFO ] POST /internal/attendance-analysis/mlp/run [request-id: 3F29BEC7-8041-40AE-B6CC-D0C4055384B1]
[ INFO ] POST /internal/attendance-analysis/mlp/feedback [request-id: 47F242B3-E819-4A41-B373-21BC347AEA3F]
[ INFO ] POST /internal/attendance-analysis/mlp/feedback [request-id: 4261C007-9807-407E-8328-44C3588DC5A6]
[ INFO ] POST /internal/attendance-analysis/mlp/feedback [request-id: 5E5A3578-E062-401A-BB6D-B93920C97FC7]
[ INFO ] POST /internal/attendance-analysis/mlp/feedback [request-id: C74C89FE-EF1A-4C78-8C5A-96771764FADC]
[ INFO ] POST /internal/attendance-analysis/mlp/feedback [request-id: C696B2D4-64F4-4F4C-B6EF-06D82F627277]
[ INFO ] POST /internal/attendance-analysis/mlp/feedback [request-id: 3AF98CFF-8E3C-4DED-B395-3FD33EE39542]
[ INFO ] POST /internal/attendance-analysis/mlp/feedback [request-id: 671C5BB5-FBB1-4C19-8846-6CB89446CDE2]
[ INFO ] POST /internal/attendance-analysis/mlp/feedback [request-id: 1124E632-1E70-48E6-AED1-708E6EFE7D7C]
[ INFO ] POST /internal/attendance-analysis/mlp/feedback [request-id: 580D830D-A91A-49A6-BF5F-6B35D19B2291]
[ INFO ] POST /internal/attendance-analysis/mlp/feedback [request-id: C572EEB5-562D-4AEF-9C7A-2B1A819F607B]
[ INFO ] POST /internal/attendance-analysis/mlp/feedback [request-id: 15EF76A1-0F92-45EE-8150-107BC30588E5]
[ INFO ] POST /internal/attendance-analysis/mlp/feedback [request-id: 03A5AE2C-CAE6-439C-9691-BF46E1BFA3A7]
[ INFO ] POST /internal/attendance-analysis/mlp/feedback [request-id: 3A6872DF-072A-43E0-9101-ACF14DA7902D]
[ INFO ] POST /internal/attendance-analysis/mlp/feedback [request-id: 7ED06B0B-B355-42B9-9376-120117EBDB36]
[ INFO ] POST /internal/attendance-analysis/mlp/feedback [request-id: 9DB284B0-DB08-494C-8D6B-F193BA018643]
[ INFO ] POST /internal/attendance-analysis/mlp/feedback [request-id: 9C6F0B57-EF1D-4C0D-9A16-AEB560C5BCE8]
[ INFO ] POST /internal/attendance-analysis/mlp/feedback [request-id: B8C99A03-438B-4605-A7F0-76F4AE615DD2]
[ INFO ] POST /internal/attendance-analysis/mlp/run [request-id: 4798537E-84F2-4566-B57E-49DC7117F2F6]
[ INFO ] POST /internal/attendance-analysis/mlp/feedback [request-id: 9402C349-47F2-4891-BECC-9749A4FBEA02]
[ INFO ] POST /internal/attendance-analysis/mlp/feedback [request-id: F0616E61-7E10-426D-80BD-A826ACC5FEB0]
[ INFO ] POST /internal/attendance-analysis/mlp/feedback [request-id: FDB25786-3025-472B-8447-8987710DAC83]
[ INFO ] POST /internal/attendance-analysis/mlp/feedback [request-id: 081BAC4F-65B3-4BE5-B07D-6C8FDC4C40E3]
[ INFO ] POST /internal/attendance-analysis/mlp/feedback [request-id: CB570DD5-0E8D-41C0-B95E-AD0BACD5B9B8]
[ INFO ] POST /internal/attendance-analysis/mlp/feedback [request-id: 737EA150-5433-41A1-985B-DDEFB2B933C9]
[ INFO ] POST /internal/attendance-analysis/mlp/feedback [request-id: 4DA58A63-9F06-4354-A24D-83D1761D2C52]
[ INFO ] POST /internal/attendance-analysis/mlp/feedback [request-id: CECA74DE-6012-49F5-9543-C3D868E97086]
[ INFO ] POST /internal/attendance-analysis/mlp/feedback [request-id: 81955CDF-B1EC-4A8E-94C1-D72918601301]
[ INFO ] POST /internal/attendance-analysis/mlp/feedback [request-id: 84C754A7-E33F-4682-B307-E7601CBA5DC1]
[ INFO ] POST /internal/attendance-analysis/mlp/feedback [request-id: B4A974F8-7BDD-4668-BA9E-E3BCDC7EC898]
[ INFO ] POST /internal/attendance-analysis/mlp/feedback [request-id: A1FB96F0-B18E-4B2F-BFEC-C751A90758F2]
[ INFO ] POST /internal/attendance-analysis/mlp/feedback [request-id: 191808B3-5653-43E3-9734-70E67C164512]
[ INFO ] POST /internal/attendance-analysis/mlp/feedback [request-id: F945E3CF-268A-4906-8928-FE7CDDBE3596]
[ INFO ] POST /internal/attendance-analysis/mlp/feedback [request-id: 08B47BD6-5224-4E32-A038-6F288A0B4C64]
[ INFO ] POST /internal/attendance-analysis/mlp/feedback [request-id: 7A46580B-ACEA-4097-8731-A7AB29077314]
[ INFO ] POST /internal/attendance-analysis/mlp/feedback [request-id: 48076BDF-71E8-498A-8FC7-776054E1E183]
[ INFO ] POST /internal/attendance-analysis/mlp/feedback [request-id: 8D5F037D-EA69-413A-8785-594CBBFB0EC7]
[ INFO ] POST /internal/attendance-analysis/mlp/feedback [request-id: A4A633A9-5902-4391-B4DB-8F443604DC58]
[ INFO ] POST /internal/attendance-analysis/mlp/feedback [request-id: 6F3E6857-D77D-4776-BA9E-F9CC8824EB58]
[ INFO ] POST /internal/attendance-analysis/mlp/feedback [request-id: F442235E-6264-4E92-AF3C-BA36C3FD7887]
[ INFO ] POST /internal/attendance-analysis/mlp/feedback [request-id: D7ED7B3A-4893-45C9-A980-5EF47D0ED5E7]
[ INFO ] POST /internal/attendance-analysis/mlp/run [request-id: 23C56311-9577-4170-93FE-6B97A20E33A2]
[ INFO ] POST /internal/attendance-analysis/mlp/feedback [request-id: 487159FE-C8A4-47ED-8F78-D333F5BE46BB]
[ INFO ] POST /internal/attendance-analysis/mlp/feedback [request-id: A4D518AE-4B05-46C6-986D-985874003629]
[ INFO ] POST /internal/attendance-analysis/mlp/feedback [request-id: EC2CAE88-D09D-4057-8080-ED7239EC3066]
[ INFO ] POST /internal/attendance-analysis/mlp/feedback [request-id: 2C677090-110B-4190-8B9E-222B8A8396BB]
[ INFO ] POST /internal/attendance-analysis/mlp/feedback [request-id: F7EA79A4-23C1-41D4-B298-458D9CEE210C]
[ INFO ] POST /internal/attendance-analysis/mlp/feedback [request-id: DFD07ABD-29BF-4CB7-AADD-0DAF2C5565C1]
[ INFO ] POST /internal/attendance-analysis/mlp/feedback [request-id: 31B186AF-D653-4F86-B2B0-7A2FBDFE0DDE]
[ INFO ] POST /internal/attendance-analysis/mlp/feedback [request-id: 3E578E0E-8448-4638-B4F9-ABEE0D8080C3]
[ INFO ] POST /internal/attendance-analysis/mlp/feedback [request-id: 59580EB6-FB9D-457B-8C56-AF6239731345]
[ INFO ] POST /internal/attendance-analysis/mlp/feedback [request-id: 5513956B-F97A-403C-976D-53D92332D9B3]
[ INFO ] POST /internal/attendance-analysis/mlp/feedback [request-id: 3ADFCE32-1ABF-4908-AC5F-7FF1DD6F2FBB]
[ INFO ] POST /internal/attendance-analysis/mlp/feedback [request-id: 1488D5C8-9099-4AA8-B35B-11D940F9AAFA]
[ INFO ] POST /internal/attendance-analysis/mlp/feedback [request-id: 9BF1747A-1AF2-4F62-B14F-EB83356BDE8D]
[ INFO ] POST /internal/attendance-analysis/mlp/feedback [request-id: 5A6431CE-B897-4C31-9C2E-F1E502C596D0]
[ INFO ] POST /internal/attendance-analysis/mlp/feedback [request-id: 9B46EDB4-D628-496A-A012-FB75D194DFB9]
[ INFO ] POST /internal/attendance-analysis/mlp/feedback [request-id: 2AD0ED0B-CFDE-4E37-89AE-885B71CFC68C]
[ INFO ] POST /internal/attendance-analysis/mlp/feedback [request-id: 3A1CF3BD-D151-449C-9143-E5A03AFDC6C9]
[ INFO ] POST /internal/attendance-analysis/mlp/run [request-id: CC160119-A441-403A-9381-2D2875BC81E5]
[ INFO ] POST /internal/attendance-analysis/mlp/feedback [request-id: 6024CF59-1599-41FD-8D7A-3F420587FF47]
[ INFO ] POST /internal/attendance-analysis/mlp/feedback [request-id: D73D1C6D-9052-4DFE-A632-3DAA1009A62A]
[ INFO ] POST /internal/attendance-analysis/mlp/feedback [request-id: F821E169-4365-43FA-B56E-50DFAFEC4435]
[ INFO ] POST /internal/attendance-analysis/mlp/feedback [request-id: EA0F4061-41C1-4D12-B562-99EDB7193A5C]
[ INFO ] POST /internal/attendance-analysis/mlp/feedback [request-id: 5D337FC9-D3DB-4AD4-AA59-B0F7E2DDA40F]
[ INFO ] POST /internal/attendance-analysis/mlp/feedback [request-id: 4FB6972E-0FF4-465C-B631-2518313A192C]
[ INFO ] POST /internal/attendance-analysis/mlp/feedback [request-id: 213CB189-5A42-4648-A742-207782010E2D]
[ INFO ] POST /internal/attendance-analysis/mlp/feedback [request-id: 2C86F3A5-8A65-44E5-B4AD-D2192E7EA147]
[ INFO ] POST /internal/attendance-analysis/mlp/feedback [request-id: BFD9C228-59F9-4CF4-ACA8-35F2CB0CFE99]
[ INFO ] POST /internal/attendance-analysis/mlp/feedback [request-id: 4C72951D-7602-4F3B-A8EC-7314C4401B4E]
[ INFO ] POST /internal/attendance-analysis/mlp/feedback [request-id: A9E9EC43-1E16-405F-ADFC-5C1C009B0EFF]
[ INFO ] POST /internal/attendance-analysis/mlp/feedback [request-id: FD69B228-9909-4AAA-81A0-EEE1924A9176]
[ INFO ] POST /internal/attendance-analysis/mlp/feedback [request-id: 3E62B60E-1FCC-409F-87D6-5D7B7C7105C1]
[ INFO ] POST /internal/attendance-analysis/mlp/feedback [request-id: 317EE074-EB12-41EA-ACA8-A5E67720DB28]
[ INFO ] POST /internal/attendance-analysis/mlp/feedback [request-id: 7631DA59-FDCB-4BC2-BF16-487DC047D9FA]
[ INFO ] POST /internal/attendance-analysis/mlp/feedback [request-id: F6840D63-47F7-4B88-B438-E879EBD0C71E]
[ INFO ] POST /internal/attendance-analysis/mlp/feedback [request-id: 9C1356DC-D0D7-4FA2-A619-4BD98A4F0C00]
[ INFO ] POST /internal/attendance-analysis/mlp/feedback [request-id: 20E38AA3-B3B2-48C2-9082-87149ED32201]
[ INFO ] POST /internal/attendance-analysis/mlp/feedback [request-id: 4370D88E-28DD-4747-9D5A-32D2B29FD979]
[ INFO ] POST /internal/attendance-analysis/mlp/feedback [request-id: C6243513-0BC7-428D-ABA1-7CC7AB1B785C]
[ INFO ] POST /internal/attendance-analysis/mlp/feedback [request-id: 4062C4CB-2DAE-4C06-ACB7-9F2D4B50CE4F]
[ INFO ] POST /internal/attendance-analysis/mlp/feedback [request-id: F8579059-3044-4610-B1C0-D447BB3745EC]
[ INFO ] POST /internal/attendance-analysis/mlp/feedback [request-id: 1BCFBD85-6C06-4681-9434-B0E434684310]
[ INFO ] POST /internal/attendance-analysis/mlp/run [request-id: B3910780-8E69-49C2-9C0A-F43437F43192]
[ INFO ] POST /internal/attendance-analysis/mlp/feedback [request-id: 640A5D70-4562-4F44-9E08-744C2EC87E4F]
[ INFO ] POST /internal/attendance-analysis/mlp/feedback [request-id: DAEAC0DD-130C-42F1-A614-63EA0F2F9023]
[ INFO ] POST /internal/attendance-analysis/mlp/feedback [request-id: B89A4BFE-6546-41F6-97CA-F752EF0C9CD0]
[ INFO ] POST /internal/attendance-analysis/mlp/feedback [request-id: 0FC9C168-32EC-41CB-9E89-687DE0FC7E46]
[ INFO ] POST /internal/attendance-analysis/mlp/feedback [request-id: 6EF4E6CB-C080-44C9-A4C7-61E4480B621C]
[ INFO ] POST /internal/attendance-analysis/mlp/feedback [request-id: 856F5B79-2A9D-427A-8257-6C904398233B]
[ INFO ] POST /internal/attendance-analysis/mlp/feedback [request-id: 0A8EA2BA-2643-4F9C-AF8C-854CB242A5B9]
[ INFO ] POST /internal/attendance-analysis/mlp/feedback [request-id: 9350ECFE-FB11-4664-9E4F-4CFEA766EDE9]
[ INFO ] POST /internal/attendance-analysis/mlp/feedback [request-id: 602A52B4-4746-4FB2-918E-E8771F28D77A]
[ INFO ] POST /internal/attendance-analysis/mlp/feedback [request-id: 4245A556-3156-40E6-989C-B38447EC2C99]
[ INFO ] POST /internal/attendance-analysis/mlp/run [request-id: 11ED7278-7C17-43AE-BA0D-FFE12E004759]
[ INFO ] POST /internal/attendance-analysis/mlp/run [request-id: D2CB4701-35BA-4EA1-97A4-94BD3D1AD21A]
[ INFO ] POST /internal/attendance-analysis/mlp/run [request-id: B7AC1472-623A-409F-97AB-C0BFD3D24343]
[ INFO ] POST /internal/attendance-analysis/mlp/run [request-id: 533B1A2F-7DFB-4161-9A6D-5E1A7349F704]
[ INFO ] POST /internal/attendance-analysis/mlp/run [request-id: 2463A989-420C-4543-B1C0-3223E85A9E50]
[ INFO ] POST /internal/attendance-analysis/mlp/run [request-id: BF63F0B7-3CB5-4DE6-AEEC-E64E144AC4A5]
[ INFO ] POST /internal/attendance-analysis/mlp/run [request-id: 2DCD32A8-466C-42BF-AE9A-0FBDFB62A7C8]
[ INFO ] POST /internal/attendance-analysis/mlp/run [request-id: 8FDCE222-587F-4BBE-8578-AD5315DF0545]
[ INFO ] POST /internal/attendance-analysis/mlp/run [request-id: 63A27C5A-F12B-4E81-96C3-72E7F68D633B]
[ INFO ] POST /internal/attendance-analysis/mlp/run [request-id: E709EEF9-6363-47B1-A2DB-243E12C336B3]
[ INFO ] POST /internal/attendance-analysis/mlp/run [request-id: 96F73FF8-8FB3-42B6-86FB-AD17FF15385A]
[ INFO ] POST /internal/attendance-analysis/mlp/run [request-id: C6D183BA-DC9C-4802-B94B-5474442FE710]
[ INFO ] POST /internal/attendance-analysis/mlp/run [request-id: E543D3FD-FC63-41B6-9468-3A86C329E05D]
[ INFO ] POST /internal/attendance-analysis/mlp/run [request-id: 857CA218-5F46-4A16-AD42-A3AC6EB6E840]
[ INFO ] POST /internal/attendance-analysis/mlp/run [request-id: 9D394D3A-1675-4503-86F2-5478BFC0763E]
[ INFO ] POST /internal/attendance-analysis/mlp/run [request-id: A4E17279-0689-4DD1-84F5-7D12B726FB3F]
[ INFO ] POST /internal/attendance-analysis/mlp/run [request-id: 034BA3F8-12AE-43D1-9593-BA8C4411461D]
[ INFO ] POST /internal/attendance-analysis/mlp/run [request-id: 1631EC8C-1ABC-4F9B-8E7F-14228F8693BD]
[ INFO ] POST /internal/attendance-analysis/mlp/run [request-id: 299CFCDA-8948-45BE-BA01-1135E8E346A3]
[ INFO ] POST /internal/attendance-analysis/mlp/run [request-id: 21BAB327-96E4-4B79-8907-EA67A613B44D]
[ INFO ] POST /internal/attendance-analysis/mlp/run [request-id: A5741024-2302-482F-9993-464CF7FE2AF7]
[ INFO ] POST /internal/attendance-analysis/mlp/run [request-id: 36456CD4-2D57-4F72-8D23-D63B464DDD23]
[ INFO ] POST /internal/attendance-analysis/mlp/run [request-id: 9610A21E-F290-46F0-A220-015606393494]
[ INFO ] GET /validate [request-id: 1BC1B352-DC0A-416D-BDB8-07B1151DB95C]
